{
"ambientocclusion": false,
    "textures": {
        "particle": "biomesoplenty:block/bramble",
        "thorns": "biomesoplenty:block/bramble_thorns",
        "base": "biomesoplenty:block/bramble"
    },
    "display": {
        "gui": {
            "rotation": [ 30, 45, 0 ],
            "translation": [ 0, 0, 0 ],
            "scale": [ 0.625, 0.625, 0.625 ]
        },
        "ground": {
            "rotation": [ 0, 0, 0 ],
            "translation": [ 0, 3, 0 ],
            "scale": [ 0.25, 0.25, 0.25 ]
        },
        "fixed": {
            "rotation": [ 0, 180, 0 ],
            "translation": [ 0, 0, 0 ],
            "scale": [ 1, 1, 1 ]
        },
        "head": {
            "rotation": [ 0, 180, 0 ],
            "translation": [ 0, 0, 0 ],
            "scale": [ 1, 1, 1 ]
        },
        "firstperson_righthand": {
            "rotation": [ 0, 315, 0 ],
            "translation": [ 0, 2.5, 0 ],
            "scale": [ 0.4, 0.4, 0.4 ]
        },
        "thirdperson_righthand": {
            "rotation": [ 75, 315, 0 ],
            "translation": [ 0, 2.5, 0 ],
            "scale": [ 0.375, 0.375, 0.375 ]
        }
    },
    "elements": [
        {
            "name": "Element",
            "from": [ 0.8, 0, 8 ], 
            "to": [ 15.2, 16, 8 ], 
            "shade": false,
            "rotation": { "origin": [ 8, 8, 8 ], "axis": "y", "angle": 45.0, "rescale": true },
            "faces": {
                "north": { "texture": "#thorns", "uv": [ 0, 0, 16, 16 ] },
                "south": { "texture": "#thorns", "uv": [ 0, 0, 16, 16 ] }
            }
        },
        {
            "name": "Element",
            "from": [ 8, 0, 0.8 ], 
            "to": [ 8, 16, 15.2 ], 
            "shade": false,
            "rotation": { "origin": [ 8, 8, 8 ], "axis": "y", "angle": 45.0, "rescale": true },
            "faces": {
                "east": { "texture": "#thorns", "uv": [ 0, 0, 16, 16 ] },
                "west": { "texture": "#thorns", "uv": [ 0, 0, 16, 16 ] }
            }
        },
        {
            "name": "Element",
            "from": [ 5, 5, 5 ], 
            "to": [ 11, 11, 11 ], 
            "faces": {
                "north": { "texture": "#base", "uv": [ 5, 4, 11, 10 ] },
                "east": { "texture": "#base", "uv": [ 4, 4, 10, 10 ] },
                "south": { "texture": "#base", "uv": [ 4, 4, 10, 10 ] },
                "west": { "texture": "#base", "uv": [ 4, 4, 11, 12 ] },
                "up": { "texture": "#base", "uv": [ 4, 4, 10, 10 ] },
                "down": { "texture": "#base", "uv": [ 12, 12, 4, 4 ] }
            }
        }
    ]
}