{
"ambientocclusion": false,
    "textures": {
        "particle": "biomesoplenty:block/bramble",
        "texture": "biomesoplenty:block/bramble"
    },
    "display": {
        "gui": {
            "rotation": [ 30, 45, 0 ],
            "translation": [ 0, 0, 0 ],
            "scale": [ 0.625, 0.625, 0.625 ]
        },
        "ground": {
            "rotation": [ 0, 0, 0 ],
            "translation": [ 0, 3, 0 ],
            "scale": [ 0.25, 0.25, 0.25 ]
        },
        "fixed": {
            "rotation": [ 0, 180, 0 ],
            "translation": [ 0, 0, 0 ],
            "scale": [ 1, 1, 1 ]
        },
        "head": {
            "rotation": [ 0, 180, 0 ],
            "translation": [ 0, 0, 0 ],
            "scale": [ 1, 1, 1 ]
        },
        "firstperson_righthand": {
            "rotation": [ 0, 315, 0 ],
            "translation": [ 0, 2.5, 0 ],
            "scale": [ 0.4, 0.4, 0.4 ]
        },
        "thirdperson_righthand": {
            "rotation": [ 75, 315, 0 ],
            "translation": [ 0, 2.5, 0 ],
            "scale": [ 0.375, 0.375, 0.375 ]
        }
    },
    "elements": [
        {
            "name": "Element",
            "from": [ 5, 5, 0 ], 
            "to": [ 11, 11, 5 ], 
            "faces": {
                "north": { "texture": "#texture", "uv": [ 0, 0, 6, 6 ], "cullface": "north" },
                "east": { "texture": "#texture", "uv": [ 0, 0, 5, 6 ] },
                "west": { "texture": "#texture", "uv": [ 0, 0, 5, 6 ] },
                "up": { "texture": "#texture", "uv": [ 0, 0, 6, 5 ] },
                "down": { "texture": "#texture", "uv": [ 0, 0, 6, 5 ] }
            }
        }
    ]
}