{
    "__comment": "Model generated using MrCrayfish's Model Creator (https://mrcrayfish.com/tools?id=mc)",
    "textures": {
        "particle": "biomesoplenty:block/cherry_door_bottom",
        "side": "biomesoplenty:block/cherry_door_side",
        "bottom": "biomesoplenty:block/cherry_door_bottom"
    },
    "display": {
        "gui": {
            "rotation": [ 30, 45, 0 ],
            "translation": [ 0, 0, 0 ],
            "scale": [ 0.625, 0.625, 0.625 ]
        },
        "ground": {
            "rotation": [ 0, 0, 0 ],
            "translation": [ 0, 3, 0 ],
            "scale": [ 0.25, 0.25, 0.25 ]
        },
        "fixed": {
            "rotation": [ 0, 180, 0 ],
            "translation": [ 0, 0, 0 ],
            "scale": [ 1, 1, 1 ]
        },
        "head": {
            "rotation": [ 0, 180, 0 ],
            "translation": [ 0, 0, 0 ],
            "scale": [ 1, 1, 1 ]
        },
        "firstperson_righthand": {
            "rotation": [ 0, 315, 0 ],
            "translation": [ 0, 2.5, 0 ],
            "scale": [ 0.4, 0.4, 0.4 ]
        },
        "thirdperson_righthand": {
            "rotation": [ 75, 315, 0 ],
            "translation": [ 0, 2.5, 0 ],
            "scale": [ 0.375, 0.375, 0.375 ]
        }
    },
    "elements": [
        {
            "from": [ 0, 0, 0 ], 
            "to": [ 3, 11, 16 ], 
            "faces": {
                "north": { "texture": "#side", "uv": [ 4, 5, 7, 16 ] },
                "east": { "texture": "#bottom", "uv": [ 0, 5, 16, 16 ] },
                "south": { "texture": "#side", "uv": [ 8, 5, 11, 16 ], "cullface": "south" },
                "west": { "texture": "#bottom", "uv": [ 16, 5, 0, 16 ] },
                "up": { "texture": "#side", "uv": [ 4, 0, 7, 16 ], "rotation": 180 },
                "down": { "texture": "#side", "uv": [ 4, 0, 7, 16 ], "rotation": 180, "cullface": "down" }
            }
        },
        {
            "from": [ 0, 11, 13 ], 
            "to": [ 3, 16, 16 ], 
            "faces": {
                "north": { "texture": "#side", "uv": [ 4, 10, 7, 15 ] },
                "east": { "texture": "#bottom", "uv": [ 0, 0, 3, 5 ] },
                "south": { "texture": "#bottom", "uv": [ 0, 0, 3, 5 ], "cullface": "south" },
                "west": { "texture": "#bottom", "uv": [ 0, 0, 3, 5 ] }
            }
        },
        {
            "from": [ 0, 11, 0 ], 
            "to": [ 3, 16, 3 ], 
            "faces": {
                "north": { "texture": "#bottom", "uv": [ 0, 0, 3, 5 ] },
                "east": { "texture": "#bottom", "uv": [ 0, 0, 3, 5 ] },
                "south": { "texture": "#bottom", "uv": [ 0, 0, 3, 5 ] },
                "west": { "texture": "#bottom", "uv": [ 13, 0, 16, 5 ] }
            }
        },
        {
            "from": [ 1, 13, 5 ], 
            "to": [ 2, 16, 6 ], 
            "faces": {
                "north": { "texture": "#bottom", "uv": [ 10, 0, 11, 3 ] },
                "east": { "texture": "#bottom", "uv": [ 10, 0, 11, 3 ] },
                "south": { "texture": "#bottom", "uv": [ 10, 0, 11, 3 ] },
                "west": { "texture": "#bottom", "uv": [ 5, 0, 6, 3 ] },
                "down": { "texture": "#bottom", "uv": [ 10, 2, 11, 3 ], "rotation": 180 }
            }
        },
        {
            "from": [ 1, 13, 10 ], 
            "to": [ 2, 16, 11 ], 
            "faces": {
                "north": { "texture": "#bottom", "uv": [ 5, 0, 6, 3 ] },
                "east": { "texture": "#bottom", "uv": [ 5, 0, 6, 3 ] },
                "south": { "texture": "#bottom", "uv": [ 5, 0, 6, 3 ] },
                "west": { "texture": "#bottom", "uv": [ 5, 0, 6, 3 ] },
                "down": { "texture": "#bottom", "uv": [ 5, 2, 6, 3 ], "rotation": 180 }
            }
        },
        {
            "from": [ 1, 11, 9 ], 
            "to": [ 2, 14, 10 ], 
            "faces": {
                "north": { "texture": "#bottom", "uv": [ 6, 2, 7, 5 ] },
                "east": { "texture": "#bottom", "uv": [ 6, 2, 7, 5 ] },
                "south": { "texture": "#bottom", "uv": [ 6, 2, 7, 5 ] },
                "west": { "texture": "#bottom", "uv": [ 6, 2, 7, 5 ] },
                "up": { "texture": "#bottom", "uv": [ 6, 2, 7, 3 ], "rotation": 180 }
            }
        },
        {
            "from": [ 1, 11, 6 ], 
            "to": [ 2, 14, 7 ], 
            "faces": {
                "north": { "texture": "#bottom", "uv": [ 9, 2, 10, 5 ] },
                "east": { "texture": "#bottom", "uv": [ 9, 2, 10, 5 ] },
                "south": { "texture": "#bottom", "uv": [ 9, 2, 10, 5 ] },
                "west": { "texture": "#bottom", "uv": [ 9, 2, 10, 5 ] },
                "up": { "texture": "#bottom", "uv": [ 9, 2, 10, 3 ], "rotation": 180 }
            }
        },
        {
            "from": [ 1, 13, 7 ], 
            "to": [ 2, 14, 9 ], 
            "faces": {
                "east": { "texture": "#bottom", "uv": [ 7, 2, 9, 3 ] },
                "west": { "texture": "#bottom", "uv": [ 7, 2, 9, 3 ] },
                "up": { "texture": "#bottom", "uv": [ 7, 2, 9, 3 ], "rotation": 180 },
                "down": { "texture": "#bottom", "uv": [ 7, 2, 9, 3 ], "rotation": 180 }
            }
        },
        {
            "from": [ 1.5, 11, 3 ], 
            "to": [ 1.5, 16, 13 ], 
            "shade": false,
            "faces": {
                "east": { "texture": "#bottom", "uv": [ 3, 0, 13, 5 ] },
                "west": { "texture": "#bottom", "uv": [ 3, 0, 13, 5 ] }
            }
        }
    ]
}