{
    "__comment": "Model generated using MrCrayfish's Model Creator (https://mrcrayfish.com/tools?id=mc)",
"ambientocclusion": false,
    "textures": {
        "particle": "biomesoplenty:block/cherry_trapdoor",
        "trap": "biomesoplenty:block/cherry_trapdoor"
    },
    "display": {
        "gui": {
            "rotation": [ 30, 45, 0 ],
            "translation": [ 0, 0, 0 ],
            "scale": [ 0.625, 0.625, 0.625 ]
        },
        "ground": {
            "rotation": [ 0, 0, 0 ],
            "translation": [ 0, 3, 0 ],
            "scale": [ 0.25, 0.25, 0.25 ]
        },
        "fixed": {
            "rotation": [ 0, 180, 0 ],
            "translation": [ 0, 0, 0 ],
            "scale": [ 1, 1, 1 ]
        },
        "head": {
            "rotation": [ 0, 180, 0 ],
            "translation": [ 0, 0, 0 ],
            "scale": [ 1, 1, 1 ]
        },
        "firstperson_righthand": {
            "rotation": [ 0, 315, 0 ],
            "translation": [ 0, 2.5, 0 ],
            "scale": [ 0.4, 0.4, 0.4 ]
        },
        "thirdperson_righthand": {
            "rotation": [ 75, 315, 0 ],
            "translation": [ 0, 2.5, 0 ],
            "scale": [ 0.375, 0.375, 0.375 ]
        }
    },
    "elements": [
        {
            "from": [ 1, 14, 7 ], 
            "to": [ 7, 16, 9 ], 
            "faces": {
                "north": { "texture": "#trap", "uv": [ 1, 7, 7, 9 ] },
                "south": { "texture": "#trap", "uv": [ 1, 8, 7, 10 ] },
                "up": { "texture": "#trap", "uv": [ 1, 7, 7, 9 ] },
                "down": { "texture": "#trap", "uv": [ 1, 7, 7, 9 ] }
            }
        },
        {
            "from": [ 0, 14, 0 ], 
            "to": [ 16, 16, 1 ], 
            "faces": {
                "north": { "texture": "#trap", "uv": [ 0, 0, 16, 1 ] },
                "east": { "texture": "#trap", "uv": [ 15, 0, 16, 2 ] },
                "south": { "texture": "#trap", "uv": [ 0, 0, 16, 1 ] },
                "west": { "texture": "#trap", "uv": [ 0, 0, 1, 2 ] },
                "up": { "texture": "#trap", "uv": [ 0, 0, 16, 1 ] },
                "down": { "texture": "#trap", "uv": [ 0, 0, 16, 1 ] }
            }
        },
        {
            "from": [ 0, 14, 1 ], 
            "to": [ 1, 16, 15 ], 
            "faces": {
                "east": { "texture": "#trap", "uv": [ 0, 1, 1, 15 ], "rotation": 90 },
                "west": { "texture": "#trap", "uv": [ 0, 1, 1, 15 ], "rotation": 90 },
                "up": { "texture": "#trap", "uv": [ 0, 1, 1, 15 ] },
                "down": { "texture": "#trap", "uv": [ 0, 1, 1, 15 ] }
            }
        },
        {
            "from": [ 15, 14, 1 ], 
            "to": [ 16, 16, 15 ], 
            "faces": {
                "east": { "texture": "#trap", "uv": [ 15, 1, 16, 15 ], "rotation": 90 },
                "west": { "texture": "#trap", "uv": [ 15, 1, 16, 15 ], "rotation": 90 },
                "up": { "texture": "#trap", "uv": [ 15, 1, 16, 15 ] },
                "down": { "texture": "#trap", "uv": [ 15, 1, 16, 15 ] }
            }
        },
        {
            "from": [ 7, 14, 1 ], 
            "to": [ 9, 16, 15 ], 
            "faces": {
                "east": { "texture": "#trap", "uv": [ 7, 1, 8, 15 ] },
                "west": { "texture": "#trap", "uv": [ 7, 1, 8, 15 ] },
                "up": { "texture": "#trap", "uv": [ 9, 1, 7, 15 ] },
                "down": { "texture": "#trap", "uv": [ 7, 1, 9, 15 ] }
            }
        },
        {
            "from": [ 9, 14, 7 ], 
            "to": [ 15, 16, 9 ], 
            "faces": {
                "north": { "texture": "#trap", "uv": [ 9, 7, 15, 9 ] },
                "south": { "texture": "#trap", "uv": [ 9, 8, 15, 10 ] },
                "up": { "texture": "#trap", "uv": [ 9, 7, 15, 9 ] },
                "down": { "texture": "#trap", "uv": [ 9, 7, 15, 9 ] }
            }
        },
        {
            "from": [ 0, 15, 0 ], 
            "to": [ 16, 15, 16 ], 
            "shade": false,
            "faces": {
                "up": { "texture": "#trap", "uv": [ 0, 0, 16, 16 ] },
                "down": { "texture": "#trap", "uv": [ 0, 0, 16, 16 ] }
            }
        },
        {
            "from": [ 0, 14, 15 ], 
            "to": [ 16, 16, 16 ], 
            "faces": {
                "north": { "texture": "#trap", "uv": [ 0, 15, 16, 16 ] },
                "east": { "texture": "#trap", "uv": [ 0, 0, 1, 2 ] },
                "south": { "texture": "#trap", "uv": [ 0, 15, 16, 16 ] },
                "west": { "texture": "#trap", "uv": [ 15, 15, 16, 16 ] },
                "up": { "texture": "#trap", "uv": [ 0, 15, 16, 16 ] },
                "down": { "texture": "#trap", "uv": [ 0, 15, 16, 16 ] }
            }
        }
    ]
}