{
    "__comment": "Model generated using MrCrayfish's Model Creator (https://mrcrayfish.com/tools?id=mc)",
    "textures": {
        "particle": "biomesoplenty:block/cherry_planks",
        "fence": "biomesoplenty:block/cherry_fence"
    },
    "display": {
        "gui": {
            "rotation": [ 30, 45, 0 ],
            "translation": [ 0, 0, 0 ],
            "scale": [ 0.625, 0.625, 0.625 ]
        },
        "ground": {
            "rotation": [ 0, 0, 0 ],
            "translation": [ 0, 3, 0 ],
            "scale": [ 0.25, 0.25, 0.25 ]
        },
        "fixed": {
            "rotation": [ 0, 180, 0 ],
            "translation": [ 0, 0, 0 ],
            "scale": [ 1, 1, 1 ]
        },
        "head": {
            "rotation": [ 0, 180, 0 ],
            "translation": [ 0, 0, 0 ],
            "scale": [ 1, 1, 1 ]
        },
        "firstperson_righthand": {
            "rotation": [ 0, 315, 0 ],
            "translation": [ 0, 2.5, 0 ],
            "scale": [ 0.4, 0.4, 0.4 ]
        },
        "thirdperson_righthand": {
            "rotation": [ 75, 315, 0 ],
            "translation": [ 0, 2.5, 0 ],
            "scale": [ 0.375, 0.375, 0.375 ]
        }
    },
    "elements": [
        {
            "from": [ 6.75, 11, 0 ], 
            "to": [ 9.25, 12, 8 ], 
            "faces": {
                "east": { "texture": "#fence", "uv": [ 0, 0, 8, 1 ] },
                "west": { "texture": "#fence", "uv": [ 0, 0, 8, 1 ] },
                "up": { "texture": "#fence", "uv": [ 6, 7, 9, 15 ] },
                "down": { "texture": "#fence", "uv": [ 0, 0, 9, 3 ], "rotation": 90 }
            }
        },
        {
            "from": [ 7, 8, 2 ], 
            "to": [ 9, 11, 3 ], 
            "faces": {
                "north": { "texture": "#fence", "uv": [ 1, 4, 3, 7 ] },
                "east": { "texture": "#fence", "uv": [ 1, 12, 2, 15 ] },
                "south": { "texture": "#fence", "uv": [ 1, 3, 3, 16 ] },
                "west": { "texture": "#fence", "uv": [ 1, 3, 2, 6 ] }
            }
        },
        {
            "from": [ 6.5, 7, 0 ], 
            "to": [ 9.5, 8, 8 ], 
            "faces": {
                "east": { "texture": "#fence", "uv": [ 0, 0, 8, 1 ] },
                "west": { "texture": "#fence", "uv": [ 0, 0, 8, 1 ] },
                "up": { "texture": "#fence", "uv": [ 6, 7, 9, 15 ] },
                "down": { "texture": "#fence", "uv": [ 0, 0, 9, 3 ], "rotation": 90 }
            }
        },
        {
            "from": [ 6.5, 2, 2 ], 
            "to": [ 9.5, 7, 3 ], 
            "faces": {
                "north": { "texture": "#fence", "uv": [ 6, 7, 9, 12 ] },
                "east": { "texture": "#fence", "uv": [ 1, 12, 2, 16 ] },
                "south": { "texture": "#fence", "uv": [ 6, 7, 9, 12 ] },
                "west": { "texture": "#fence", "uv": [ 1, 7, 2, 12 ] }
            }
        },
        {
            "from": [ 6.5, 0, 0 ], 
            "to": [ 9.5, 2, 8 ], 
            "faces": {
                "east": { "texture": "#fence", "uv": [ 1, 3, 3, 11 ], "rotation": 90 },
                "west": { "texture": "#fence", "uv": [ 1, 3, 3, 11 ], "rotation": 90 },
                "up": { "texture": "#fence", "uv": [ 6, 7, 9, 15 ] },
                "down": { "texture": "#fence", "uv": [ 0, 0, 9, 3 ], "rotation": 90 }
            }
        }
    ]
}