{
    "__comment": "Model generated using MrCrayfish's Model Creator (https://mrcrayfish.com/tools?id=mc)",
    "textures": {
        "particle": "biomesoplenty:block/cherry_planks",
        "cherry_fence_gate": "biomesoplenty:block/cherry_fence_gate",
        "fence": "biomesoplenty:block/cherry_fence"
    },
    "display": {
        "gui": {
            "rotation": [ 30, 45, 0 ],
            "translation": [ 0, 0, 0 ],
            "scale": [ 0.625, 0.625, 0.625 ]
        },
        "ground": {
            "rotation": [ 0, 0, 0 ],
            "translation": [ 0, 3, 0 ],
            "scale": [ 0.25, 0.25, 0.25 ]
        },
        "fixed": {
            "rotation": [ 0, 180, 0 ],
            "translation": [ 0, 0, 0 ],
            "scale": [ 1, 1, 1 ]
        },
        "head": {
            "rotation": [ 0, 180, 0 ],
            "translation": [ 0, 0, 0 ],
            "scale": [ 1, 1, 1 ]
        },
        "firstperson_righthand": {
            "rotation": [ 0, 315, 0 ],
            "translation": [ 0, 2.5, 0 ],
            "scale": [ 0.4, 0.4, 0.4 ]
        },
        "thirdperson_righthand": {
            "rotation": [ 75, 315, 0 ],
            "translation": [ 0, 2.5, 0 ],
            "scale": [ 0.375, 0.375, 0.375 ]
        }
    },
    "elements": [
        {
            "from": [ 0, 0, 6 ], 
            "to": [ 2, 13, 10 ], 
            "faces": {
                "north": { "texture": "#fence", "uv": [ 13, 0, 15, 13 ] },
                "east": { "texture": "#fence", "uv": [ 11, 0, 15, 13 ] },
                "south": { "texture": "#fence", "uv": [ 12, 3, 14, 16 ] },
                "west": { "texture": "#fence", "uv": [ 11, 0, 15, 13 ] },
                "up": { "texture": "#fence", "uv": [ 6, 3, 8, 7 ] },
                "down": { "texture": "#fence", "uv": [ 6, 3, 8, 7 ] }
            }
        },
        {
            "from": [ 14, 0, 6 ], 
            "to": [ 16, 13, 10 ], 
            "faces": {
                "north": { "texture": "#fence", "uv": [ 12, 0, 14, 13 ] },
                "east": { "texture": "#fence", "uv": [ 11, 0, 15, 13 ] },
                "south": { "texture": "#fence", "uv": [ 12, 0, 14, 13 ] },
                "west": { "texture": "#fence", "uv": [ 11, 3, 15, 16 ] },
                "up": { "texture": "#fence", "uv": [ 7, 3, 9, 7 ] },
                "down": { "texture": "#fence", "uv": [ 7, 3, 9, 7 ] }
            }
        },
        {
            "from": [ 13.5, 2, 8 ], 
            "to": [ 14.5, 9, 20 ], 
            "faces": {
                "north": { "texture": "#cherry_fence_gate", "uv": [ 11, 0, 12, 7 ], "rotation": 180 },
                "east": { "texture": "#cherry_fence_gate", "uv": [ 0, 0, 12, 7 ] },
                "south": { "texture": "#cherry_fence_gate", "uv": [ 0, 0, 1, 7 ], "rotation": 270 },
                "west": { "texture": "#cherry_fence_gate", "uv": [ 12, 0, 0, 7 ] },
                "down": { "texture": "#cherry_fence_gate", "uv": [ 12, 6, 0, 7 ], "rotation": 90 }
            }
        },
        {
            "from": [ 12.5, 9, 8 ], 
            "to": [ 15.5, 10, 20 ], 
            "faces": {
                "north": { "texture": "#fence", "uv": [ 11, 13, 14, 14 ] },
                "east": { "texture": "#fence", "uv": [ 1, 3, 2, 15 ], "rotation": 90 },
                "south": { "texture": "#fence", "uv": [ 11, 13, 14, 14 ] },
                "west": { "texture": "#fence", "uv": [ 1, 3, 2, 15 ], "rotation": 90 },
                "up": { "texture": "#fence", "uv": [ 6, 7, 9, 16 ], "rotation": 180 },
                "down": { "texture": "#fence", "uv": [ 6, 7, 9, 16 ], "rotation": 180 }
            }
        },
        {
            "from": [ 13.5, 10, 13.5 ], 
            "to": [ 14.5, 11, 14.5 ], 
            "faces": {
                "north": { "texture": "#fence", "uv": [ 0, 0, 1, 1 ] },
                "east": { "texture": "#fence", "uv": [ 0, 0, 1, 1 ] },
                "south": { "texture": "#fence", "uv": [ 0, 0, 1, 1 ] },
                "west": { "texture": "#fence", "uv": [ 0, 0, 1, 1 ] }
            }
        },
        {
            "from": [ 12.5, 11, 8 ], 
            "to": [ 15.5, 12, 20 ], 
            "faces": {
                "north": { "texture": "#fence", "uv": [ 11, 14, 14, 15 ] },
                "east": { "texture": "#fence", "uv": [ 1, 3, 2, 15 ], "rotation": 90 },
                "south": { "texture": "#fence", "uv": [ 11, 14, 14, 15 ] },
                "west": { "texture": "#fence", "uv": [ 1, 3, 2, 15 ], "rotation": 90 },
                "up": { "texture": "#fence", "uv": [ 6, 7, 9, 16 ], "rotation": 180 },
                "down": { "texture": "#fence", "uv": [ 6, 7, 9, 16 ], "rotation": 180 }
            }
        }
    ]
}