{
    "__comment": "Model generated using MrCrayfish's Model Creator (https://mrcrayfish.com/tools?id=mc)",
    "textures": {
        "particle": "biomesoplenty:block/cherry_door_side",
        "0": "biomesoplenty:block/cherry_door_side",
        "1": "biomesoplenty:block/cherry_door_top"
    },
    "display": {

    },
    "elements": [
        {
            "from": [ 0, 13, 0 ], 
            "to": [ 3, 16, 16 ], 
            "faces": {
                "north": { "texture": "#0", "uv": [ 12, 0, 15, 3 ] },
                "east": { "texture": "#1", "uv": [ 0, 0, 16, 3 ] },
                "south": { "texture": "#0", "uv": [ 0, 0, 3, 3 ] },
                "west": { "texture": "#1", "uv": [ 0, 0, 16, 3 ] },
                "up": { "texture": "#1", "uv": [ 0, 0, 16, 3 ], "rotation": 270 },
                "down": { "texture": "#1", "uv": [ 0, 0, 16, 3 ], "rotation": 270 }
            }
        },
        {
            "from": [ 0, 0, 13 ], 
            "to": [ 3, 13, 16 ], 
            "faces": {
                "north": { "texture": "#0", "uv": [ 4, 3, 7, 16 ] },
                "east": { "texture": "#1", "uv": [ 0, 3, 3, 16 ] },
                "south": { "texture": "#0", "uv": [ 0, 3, 3, 16 ] },
                "west": { "texture": "#1", "uv": [ 3, 3, 0, 16 ] }
            }
        },
        {
            "from": [ 0, 0, 0 ], 
            "to": [ 3, 13, 3 ], 
            "faces": {
                "north": { "texture": "#0", "uv": [ 4, 3, 7, 16 ] },
                "east": { "texture": "#1", "uv": [ 13, 3, 16, 16 ] },
                "south": { "texture": "#0", "uv": [ 4, 1, 7, 14 ] },
                "west": { "texture": "#1", "uv": [ 13, 3, 16, 16 ] }
            }
        },
        {
            "from": [ 1.5, 0, 3 ], 
            "to": [ 1.5, 13, 13 ], 
            "shade": false,
            "faces": {
                "east": { "texture": "#1", "uv": [ 3, 3, 13, 16 ] },
                "west": { "texture": "#1", "uv": [ 3, 3, 13, 16 ] }
            }
        },
        {
            "from": [ 1, 7, 3 ], 
            "to": [ 2, 8, 13 ], 
            "faces": {
                "east": { "texture": "#1", "uv": [ 3, 8, 13, 9 ] },
                "west": { "texture": "#1", "uv": [ 3, 8, 13, 9 ] },
                "up": { "texture": "#1", "uv": [ 3, 8, 13, 9 ], "rotation": 270 },
                "down": { "texture": "#1", "uv": [ 3, 8, 13, 9 ], "rotation": 180 }
            }
        },
        {
            "from": [ 1, 0, 7 ], 
            "to": [ 2, 7, 9 ], 
            "faces": {
                "north": { "texture": "#1", "uv": [ 8, 9, 9, 16 ] },
                "east": { "texture": "#1", "uv": [ 7, 9, 9, 16 ] },
                "south": { "texture": "#1", "uv": [ 7, 9, 8, 16 ] },
                "west": { "texture": "#1", "uv": [ 7, 9, 9, 16 ] },
                "down": { "texture": "#1", "uv": [ 7, 15, 9, 16 ], "rotation": 270 }
            }
        },
        {
            "from": [ 1, 0, 3 ], 
            "to": [ 2, 1, 7 ], 
            "faces": {
                "east": { "texture": "#1", "uv": [ 9, 15, 13, 16 ] },
                "west": { "texture": "#1", "uv": [ 9, 15, 13, 16 ] },
                "up": { "texture": "#1", "uv": [ 9, 15, 13, 16 ], "rotation": 270 },
                "down": { "texture": "#1", "uv": [ 9, 15, 13, 16 ], "rotation": 270 }
            }
        },
        {
            "from": [ 1, 0, 9 ], 
            "to": [ 2, 1, 13 ], 
            "faces": {
                "east": { "texture": "#1", "uv": [ 3, 15, 7, 16 ] },
                "west": { "texture": "#1", "uv": [ 3, 15, 7, 16 ] },
                "up": { "texture": "#1", "uv": [ 3, 15, 7, 16 ], "rotation": 270 },
                "down": { "texture": "#1", "uv": [ 3, 15, 7, 16 ], "rotation": 270 }
            }
        },
        {
            "from": [ 1, 8, 10 ], 
            "to": [ 2, 11, 11 ], 
            "faces": {
                "north": { "texture": "#1", "uv": [ 5, 5, 6, 8 ] },
                "east": { "texture": "#1", "uv": [ 5, 5, 6, 8 ] },
                "south": { "texture": "#1", "uv": [ 5, 5, 6, 8 ] },
                "west": { "texture": "#1", "uv": [ 5, 5, 6, 8 ] },
                "up": { "texture": "#1", "uv": [ 5, 5, 6, 6 ], "rotation": 180 }
            }
        },
        {
            "from": [ 1, 8, 5 ], 
            "to": [ 2, 11, 6 ], 
            "faces": {
                "north": { "texture": "#1", "uv": [ 10, 5, 11, 8 ] },
                "east": { "texture": "#1", "uv": [ 10, 5, 11, 8 ] },
                "south": { "texture": "#1", "uv": [ 10, 5, 11, 8 ] },
                "west": { "texture": "#1", "uv": [ 10, 5, 11, 8 ] },
                "up": { "texture": "#1", "uv": [ 10, 5, 11, 6 ], "rotation": 180 }
            }
        },
        {
            "from": [ 1, 10, 6 ], 
            "to": [ 2, 13, 7 ], 
            "faces": {
                "north": { "texture": "#1", "uv": [ 9, 3, 10, 6 ] },
                "east": { "texture": "#1", "uv": [ 9, 3, 10, 6 ] },
                "south": { "texture": "#1", "uv": [ 9, 3, 10, 6 ] },
                "west": { "texture": "#1", "uv": [ 9, 3, 10, 6 ] },
                "down": { "texture": "#1", "uv": [ 9, 5, 10, 6 ], "rotation": 180 }
            }
        },
        {
            "from": [ 1, 10, 9 ], 
            "to": [ 2, 13, 10 ], 
            "faces": {
                "north": { "texture": "#1", "uv": [ 6, 3, 7, 6 ] },
                "east": { "texture": "#1", "uv": [ 6, 3, 7, 6 ] },
                "south": { "texture": "#1", "uv": [ 6, 3, 7, 6 ] },
                "west": { "texture": "#1", "uv": [ 6, 3, 7, 6 ] },
                "down": { "texture": "#1", "uv": [ 6, 5, 7, 6 ], "rotation": 180 }
            }
        },
        {
            "from": [ 1, 5, 10 ], 
            "to": [ 2, 7, 11 ], 
            "faces": {
                "north": { "texture": "#1", "uv": [ 5, 9, 6, 11 ] },
                "east": { "texture": "#1", "uv": [ 5, 9, 6, 11 ] },
                "south": { "texture": "#1", "uv": [ 5, 9, 6, 11 ] },
                "west": { "texture": "#1", "uv": [ 5, 9, 6, 11 ] },
                "down": { "texture": "#1", "uv": [ 5, 10, 6, 11 ], "rotation": 180 }
            }
        },
        {
            "from": [ 1, 1, 10 ], 
            "to": [ 2, 3, 11 ], 
            "faces": {
                "north": { "texture": "#1", "uv": [ 5, 9, 6, 11 ] },
                "east": { "texture": "#1", "uv": [ 5, 9, 6, 11 ] },
                "south": { "texture": "#1", "uv": [ 5, 9, 6, 11 ] },
                "west": { "texture": "#1", "uv": [ 5, 9, 6, 11 ] },
                "up": { "texture": "#1", "uv": [ 5, 13, 6, 14 ], "rotation": 180 }
            }
        },
        {
            "from": [ 1, 5, 5 ], 
            "to": [ 2, 7, 6 ], 
            "faces": {
                "north": { "texture": "#1", "uv": [ 10, 9, 11, 11 ] },
                "east": { "texture": "#1", "uv": [ 10, 9, 11, 11 ] },
                "south": { "texture": "#1", "uv": [ 10, 9, 11, 11 ] },
                "west": { "texture": "#1", "uv": [ 10, 9, 11, 11 ] },
                "down": { "texture": "#1", "uv": [ 10, 10, 11, 11 ], "rotation": 180 }
            }
        },
        {
            "from": [ 1, 1, 5 ], 
            "to": [ 2, 3, 6 ], 
            "faces": {
                "north": { "texture": "#1", "uv": [ 10, 9, 11, 11 ] },
                "east": { "texture": "#1", "uv": [ 10, 9, 11, 11 ] },
                "south": { "texture": "#1", "uv": [ 10, 9, 11, 11 ] },
                "west": { "texture": "#1", "uv": [ 10, 9, 11, 11 ] },
                "up": { "texture": "#1", "uv": [ 10, 13, 11, 14 ], "rotation": 180 }
            }
        },
        {
            "from": [ 1, 10, 7 ], 
            "to": [ 2, 11, 9 ], 
            "faces": {
                "east": { "texture": "#1", "uv": [ 7, 5, 9, 6 ], "rotation": 90 },
                "west": { "texture": "#1", "uv": [ 7, 5, 9, 6 ], "rotation": 90 },
                "up": { "texture": "#1", "uv": [ 7, 5, 9, 6 ], "rotation": 270 },
                "down": { "texture": "#1", "uv": [ 7, 5, 9, 6 ], "rotation": 270 }
            }
        },
        {
            "from": [ 1, 2, 9 ], 
            "to": [ 2, 3, 10 ], 
            "faces": {
                "east": { "texture": "#1", "uv": [ 6, 13, 7, 14 ] },
                "west": { "texture": "#1", "uv": [ 6, 13, 7, 14 ] },
                "up": { "texture": "#1", "uv": [ 6, 13, 7, 14 ], "rotation": 180 },
                "down": { "texture": "#1", "uv": [ 6, 13, 7, 14 ], "rotation": 180 }
            }
        },
        {
            "from": [ 1, 2, 6 ], 
            "to": [ 2, 3, 7 ], 
            "faces": {
                "east": { "texture": "#1", "uv": [ 6, 13, 7, 14 ] },
                "west": { "texture": "#1", "uv": [ 6, 13, 7, 14 ] },
                "up": { "texture": "#1", "uv": [ 6, 13, 7, 14 ], "rotation": 180 },
                "down": { "texture": "#1", "uv": [ 6, 13, 7, 14 ], "rotation": 180 }
            }
        },
        {
            "from": [ 1, 5, 6 ], 
            "to": [ 2, 6, 7 ], 
            "faces": {
                "east": { "texture": "#1", "uv": [ 6, 10, 7, 11 ] },
                "west": { "texture": "#1", "uv": [ 6, 10, 7, 11 ] },
                "up": { "texture": "#1", "uv": [ 6, 10, 7, 11 ], "rotation": 180 },
                "down": { "texture": "#1", "uv": [ 6, 10, 7, 11 ], "rotation": 180 }
            }
        },
        {
            "from": [ 1, 5, 9 ], 
            "to": [ 2, 6, 10 ], 
            "faces": {
                "east": { "texture": "#1", "uv": [ 6, 10, 7, 11 ] },
                "west": { "texture": "#1", "uv": [ 6, 10, 7, 11 ] },
                "up": { "texture": "#1", "uv": [ 6, 10, 7, 11 ], "rotation": 180 },
                "down": { "texture": "#1", "uv": [ 6, 10, 7, 11 ], "rotation": 180 }
            }
        }
    ]
}