{
    "__comment": "Model generated using MrCrayfish's Model Creator (https://mrcrayfish.com/tools?id=mc)",
    "textures": {
        "dead_fence": "biomesoplenty:block/dead_fence"
    },
    "display": {
        "gui": {
            "rotation": [ 30, 45, 0 ],
            "translation": [ 0, 0, 0 ],
            "scale": [ 0.625, 0.625, 0.625 ]
        },
        "ground": {
            "rotation": [ 0, 0, 0 ],
            "translation": [ 0, 3, 0 ],
            "scale": [ 0.25, 0.25, 0.25 ]
        },
        "fixed": {
            "rotation": [ 0, 180, 0 ],
            "translation": [ 0, 0, 0 ],
            "scale": [ 1, 1, 1 ]
        },
        "head": {
            "rotation": [ 0, 180, 0 ],
            "translation": [ 0, 0, 0 ],
            "scale": [ 1, 1, 1 ]
        },
        "firstperson_righthand": {
            "rotation": [ 0, 315, 0 ],
            "translation": [ 0, 2.5, 0 ],
            "scale": [ 0.4, 0.4, 0.4 ]
        },
        "thirdperson_righthand": {
            "rotation": [ 75, 315, 0 ],
            "translation": [ 0, 2.5, 0 ],
            "scale": [ 0.375, 0.375, 0.375 ]
        }
    },
    "elements": [
        {
            "name": "bot",
            "from": [ 7, 2, 0 ], 
            "to": [ 9, 4, 6 ], 
            "faces": {
                "north": { "texture": "#dead_fence", "uv": [ 0, 8, 2, 10 ] },
                "east": { "texture": "#dead_fence", "uv": [ 0, 12, 6, 14 ] },
                "south": { "texture": "#dead_fence", "uv": [ 14, 8, 16, 10 ] },
                "west": { "texture": "#dead_fence", "uv": [ 10, 12, 16, 14 ] },
                "up": { "texture": "#dead_fence", "uv": [ 7, 0, 9, 6 ] },
                "down": { "texture": "#dead_fence", "uv": [ 7, 16, 9, 10 ] }
            }
        },
        {
            "name": "mid",
            "from": [ 7, 7, 0 ], 
            "to": [ 9, 9, 6 ], 
            "faces": {
                "north": { "texture": "#dead_fence", "uv": [ 0, 8, 2, 10 ] },
                "east": { "texture": "#dead_fence", "uv": [ 0, 8, 6, 10 ] },
                "south": { "texture": "#dead_fence", "uv": [ 14, 8, 16, 10 ] },
                "west": { "texture": "#dead_fence", "uv": [ 10, 8, 16, 10 ] },
                "up": { "texture": "#dead_fence", "uv": [ 7, 11, 9, 5 ] },
                "down": { "texture": "#dead_fence", "uv": [ 7, 11, 9, 5 ] }
            }
        },
        {
            "name": "top",
            "from": [ 7, 12, 0 ], 
            "to": [ 9, 14, 6 ], 
            "faces": {
                "north": { "texture": "#dead_fence", "uv": [ 0, 4, 2, 6 ] },
                "east": { "texture": "#dead_fence", "uv": [ 0, 4, 6, 6 ] },
                "south": { "texture": "#dead_fence", "uv": [ 14, 4, 16, 6 ] },
                "west": { "texture": "#dead_fence", "uv": [ 10, 4, 16, 6 ] },
                "up": { "texture": "#dead_fence", "uv": [ 7, 12, 9, 6 ] },
                "down": { "texture": "#dead_fence", "uv": [ 7, 0, 9, 6 ] }
            }
        }
    ]
}