{
    "__comment": "Model generated using MrCrayfish's Model Creator (https://mrcrayfish.com/tools?id=mc)",
"ambientocclusion": false,
    "textures": {
        "particle": "biomesoplenty:block/fir_door_top",
        "fir_door_top": "biomesoplenty:block/fir_door_top"
    },
    "display": {
        "gui": {
            "rotation": [ 30, 45, 0 ],
            "translation": [ 0, 0, 0 ],
            "scale": [ 0.625, 0.625, 0.625 ]
        },
        "ground": {
            "rotation": [ 0, 0, 0 ],
            "translation": [ 0, 3, 0 ],
            "scale": [ 0.25, 0.25, 0.25 ]
        },
        "fixed": {
            "rotation": [ 0, 180, 0 ],
            "translation": [ 0, 0, 0 ],
            "scale": [ 1, 1, 1 ]
        },
        "head": {
            "rotation": [ 0, 180, 0 ],
            "translation": [ 0, 0, 0 ],
            "scale": [ 1, 1, 1 ]
        },
        "firstperson_righthand": {
            "rotation": [ 0, 315, 0 ],
            "translation": [ 0, 2.5, 0 ],
            "scale": [ 0.4, 0.4, 0.4 ]
        },
        "thirdperson_righthand": {
            "rotation": [ 75, 315, 0 ],
            "translation": [ 0, 2.5, 0 ],
            "scale": [ 0.375, 0.375, 0.375 ]
        }
    },
    "elements": [
        {
            "from": [ 0, 0, 0 ], 
            "to": [ 3, 8, 16 ], 
            "faces": {
                "north": { "texture": "#fir_door_top", "uv": [ 3, 9, 0, 16 ], "cullface": "north" },
                "east": { "texture": "#fir_door_top", "uv": [ 0, 8, 16, 16 ] },
                "south": { "texture": "#fir_door_top", "uv": [ 0, 8, 3, 16 ], "cullface": "south" },
                "west": { "texture": "#fir_door_top", "uv": [ 16, 8, 0, 16 ], "cullface": "west" },
                "up": { "texture": "#fir_door_top", "uv": [ 16, 8, 0, 11 ], "rotation": 90 }
            }
        },
        {
            "from": [ 0, 8, 0 ], 
            "to": [ 3, 16, 6 ], 
            "faces": {
                "north": { "texture": "#fir_door_top", "uv": [ 3, 0, 0, 8 ] },
                "east": { "texture": "#fir_door_top", "uv": [ 10, 0, 16, 8 ] },
                "south": { "texture": "#fir_door_top", "uv": [ 2, 0, 5, 8 ] },
                "west": { "texture": "#fir_door_top", "uv": [ 16, 0, 10, 8 ] },
                "up": { "texture": "#fir_door_top", "uv": [ 16, 0, 10, 3 ], "rotation": 90 }
            }
        },
        {
            "from": [ 0, 8, 10 ], 
            "to": [ 3, 16, 16 ], 
            "faces": {
                "north": { "texture": "#fir_door_top", "uv": [ 10, 0, 13, 8 ] },
                "east": { "texture": "#fir_door_top", "uv": [ 0, 0, 6, 8 ] },
                "south": { "texture": "#fir_door_top", "uv": [ 3, 0, 0, 8 ] },
                "west": { "texture": "#fir_door_top", "uv": [ 6, 0, 0, 8 ] },
                "up": { "texture": "#fir_door_top", "uv": [ 6, 0, 0, 3 ], "rotation": 90 }
            }
        },
        {
            "from": [ 0, 12, 6 ], 
            "to": [ 3, 16, 10 ], 
            "faces": {
                "east": { "texture": "#fir_door_top", "uv": [ 10, 0, 6, 4 ] },
                "west": { "texture": "#fir_door_top", "uv": [ 10, 0, 6, 4 ] },
                "up": { "texture": "#fir_door_top", "uv": [ 10, 0, 6, 3 ], "rotation": 90 },
                "down": { "texture": "#fir_door_top", "uv": [ 6, 0, 10, 3 ], "rotation": 90 }
            }
        }
    ]
}