{
    "__comment": "Model generated using MrCrayfish's Model Creator (https://mrcrayfish.com/tools?id=mc)",
    "textures": {
        "particle": "biomesoplenty:block/fir_planks",
        "fence": "biomesoplenty:block/fir_fence"
    },
    "display": {
        "gui": {
            "rotation": [ 30, 45, 0 ],
            "translation": [ 0, 0, 0 ],
            "scale": [ 0.625, 0.625, 0.625 ]
        },
        "ground": {
            "rotation": [ 0, 0, 0 ],
            "translation": [ 0, 3, 0 ],
            "scale": [ 0.25, 0.25, 0.25 ]
        },
        "fixed": {
            "rotation": [ 0, 180, 0 ],
            "translation": [ 0, 0, 0 ],
            "scale": [ 1, 1, 1 ]
        },
        "head": {
            "rotation": [ 0, 180, 0 ],
            "translation": [ 0, 0, 0 ],
            "scale": [ 1, 1, 1 ]
        },
        "firstperson_righthand": {
            "rotation": [ 0, 315, 0 ],
            "translation": [ 0, 2.5, 0 ],
            "scale": [ 0.4, 0.4, 0.4 ]
        },
        "thirdperson_righthand": {
            "rotation": [ 75, 315, 0 ],
            "translation": [ 0, 2.5, 0 ],
            "scale": [ 0.375, 0.375, 0.375 ]
        }
    },
    "elements": [
        {
            "from": [ 6.5, 0, 6.5 ], 
            "to": [ 9.5, 16, 9.5 ], 
            "faces": {
                "north": { "texture": "#fence", "uv": [ 0, 0, 16, 3 ], "rotation": 90 },
                "east": { "texture": "#fence", "uv": [ 0, 0, 16, 3 ], "rotation": 90 },
                "south": { "texture": "#fence", "uv": [ 0, 0, 16, 3 ], "rotation": 90 },
                "west": { "texture": "#fence", "uv": [ 0, 0, 16, 3 ], "rotation": 90 },
                "up": { "texture": "#fence", "uv": [ 0, 8, 3, 11 ], "cullface": "up" },
                "down": { "texture": "#fence", "uv": [ 0, 8, 3, 11 ], "cullface": "down" }
            }
        }
    ]
}