{
"ambientocclusion": false,
    "textures": {
        "particle": "biomesoplenty:block/flesh",
        "fleshmouth": "biomesoplenty:block/fleshmouth",
        "flesh": "biomesoplenty:block/flesh",
        "bramble_thorns": "biomesoplenty:block/bramble_thorns"
    },
    "display": {
        "gui": {
            "rotation": [ 30, 45, 0 ],
            "translation": [ 0, 0, 0 ],
            "scale": [ 0.625, 0.625, 0.625 ]
        },
        "ground": {
            "rotation": [ 0, 0, 0 ],
            "translation": [ 0, 3, 0 ],
            "scale": [ 0.25, 0.25, 0.25 ]
        },
        "fixed": {
            "rotation": [ 0, 180, 0 ],
            "translation": [ 0, 0, 0 ],
            "scale": [ 1, 1, 1 ]
        },
        "head": {
            "rotation": [ 0, 180, 0 ],
            "translation": [ 0, 0, 0 ],
            "scale": [ 1, 1, 1 ]
        },
        "firstperson_righthand": {
            "rotation": [ 0, 315, 0 ],
            "translation": [ 0, 2.5, 0 ],
            "scale": [ 0.4, 0.4, 0.4 ]
        },
        "thirdperson_righthand": {
            "rotation": [ 75, 315, 0 ],
            "translation": [ 0, 2.5, 0 ],
            "scale": [ 0.375, 0.375, 0.375 ]
        }
    },
    "elements": [
        {
            "name": "flesh",
            "from": [ 0, 0, 0 ], 
            "to": [ 16, 14, 16 ], 
            "faces": {
                "north": { "texture": "#flesh", "uv": [ 0, 2, 16, 16 ] },
                "east": { "texture": "#flesh", "uv": [ 0, 2, 16, 16 ] },
                "south": { "texture": "#flesh", "uv": [ 0, 2, 16, 16 ] },
                "west": { "texture": "#flesh", "uv": [ 0, 2, 16, 16 ] },
                "up": { "texture": "#fleshmouth", "uv": [ 0, 0, 16, 16 ] },
                "down": { "texture": "#flesh", "uv": [ 0, 0, 16, 16 ] }
            }
        },
        {
            "name": "topN",
            "from": [ 0, 14, 0 ], 
            "to": [ 14, 16, 2 ], 
            "faces": {
                "north": { "texture": "#flesh", "uv": [ 0, 0, 14, 2 ] },
                "south": { "texture": "#flesh", "uv": [ 0, 0, 14, 2 ] },
                "west": { "texture": "#flesh", "uv": [ 0, 0, 2, 2 ] },
                "up": { "texture": "#flesh", "uv": [ 0, 0, 14, 2 ] }
            }
        },
        {
            "name": "topW",
            "from": [ 0, 14, 2 ], 
            "to": [ 2, 16, 14 ], 
            "faces": {
                "east": { "texture": "#flesh", "uv": [ 0, 0, 12, 2 ] },
                "west": { "texture": "#flesh", "uv": [ 0, 0, 12, 2 ] },
                "up": { "texture": "#flesh", "uv": [ 0, 0, 2, 12 ] }
            }
        },
        {
            "name": "topS",
            "from": [ 0, 14, 14 ], 
            "to": [ 16, 16, 16 ], 
            "faces": {
                "north": { "texture": "#flesh", "uv": [ 0, 0, 16, 2 ] },
                "east": { "texture": "#flesh", "uv": [ 0, 0, 2, 2 ] },
                "south": { "texture": "#flesh", "uv": [ 0, 0, 16, 2 ] },
                "west": { "texture": "#flesh", "uv": [ 14, 0, 16, 2 ] },
                "up": { "texture": "#flesh", "uv": [ 0, 14, 16, 16 ] }
            }
        },
        {
            "name": "topE",
            "from": [ 14, 14, 0 ], 
            "to": [ 16, 16, 14 ], 
            "faces": {
                "north": { "texture": "#flesh", "uv": [ 0, 0, 2, 2 ] },
                "east": { "texture": "#flesh", "uv": [ 0, 0, 14, 2 ] },
                "west": { "texture": "#flesh", "uv": [ 0, 0, 14, 2 ] },
                "up": { "texture": "#flesh", "uv": [ 13, 0, 15, 14 ] }
            }
        },
        {
            "name": "mouth",
            "from": [ 12, 16, 4 ], 
            "to": [ 13, 16, 12 ], 
            "faces": {
                "east": { "texture": "#flesh", "uv": [ 0, 0, 8, 0 ] },
                "west": { "texture": "#flesh", "uv": [ 14, 0, 16, 0 ] },
                "up": { "texture": "#flesh", "uv": [ 2, 7, 3, 15 ] },
                "down": { "texture": "#flesh", "uv": [ 0, 0, 1, 8 ] }
            }
        },
        {
            "name": "mouth",
            "from": [ 11, 15, 12 ], 
            "to": [ 14, 16, 14 ], 
            "faces": {
                "north": { "texture": "#flesh", "uv": [ 0, 0, 3, 1 ] },
                "west": { "texture": "#flesh", "uv": [ 14, 0, 16, 1 ] },
                "up": { "texture": "#flesh", "uv": [ 11, 12, 14, 14 ] },
                "down": { "texture": "#flesh", "uv": [ 0, 0, 3, 2 ] }
            }
        },
        {
            "name": "mouth",
            "from": [ 2, 15, 12 ], 
            "to": [ 5, 16, 14 ], 
            "faces": {
                "north": { "texture": "#flesh", "uv": [ 0, 0, 3, 1 ] },
                "east": { "texture": "#flesh", "uv": [ 0, 0, 2, 1 ] },
                "up": { "texture": "#flesh", "uv": [ 2, 12, 5, 14 ] },
                "down": { "texture": "#flesh", "uv": [ 0, 0, 3, 2 ] }
            }
        },
        {
            "name": "mouth",
            "from": [ 2, 15, 2 ], 
            "to": [ 5, 16, 4 ], 
            "faces": {
                "east": { "texture": "#flesh", "uv": [ 0, 0, 2, 1 ] },
                "south": { "texture": "#flesh", "uv": [ 0, 0, 9, 1 ] },
                "up": { "texture": "#flesh", "uv": [ 3, 9, 6, 11 ] },
                "down": { "texture": "#flesh", "uv": [ 0, 0, 3, 2 ] }
            }
        },
        {
            "name": "mouth",
            "from": [ 11, 15, 2 ], 
            "to": [ 14, 16, 4 ], 
            "faces": {
                "south": { "texture": "#flesh", "uv": [ 0, 0, 9, 1 ] },
                "west": { "texture": "#flesh", "uv": [ 14, 0, 16, 1 ] },
                "up": { "texture": "#flesh", "uv": [ 3, 9, 6, 11 ] },
                "down": { "texture": "#flesh", "uv": [ 0, 0, 3, 2 ] }
            }
        },
        {
            "name": "mouth",
            "from": [ 5, 15, 2 ], 
            "to": [ 11, 16, 3 ], 
            "faces": {
                "south": { "texture": "#flesh", "uv": [ 0, 0, 9, 1 ] },
                "up": { "texture": "#flesh", "uv": [ 3, 9, 9, 10 ] },
                "down": { "texture": "#flesh", "uv": [ 0, 0, 6, 1 ] }
            }
        },
        {
            "name": "mouth",
            "from": [ 5, 15, 13 ], 
            "to": [ 11, 16, 14 ], 
            "faces": {
                "north": { "texture": "#flesh", "uv": [ 0, 0, 6, 1 ] },
                "up": { "texture": "#flesh", "uv": [ 3, 9, 9, 10 ] },
                "down": { "texture": "#flesh", "uv": [ 0, 0, 6, 1 ] }
            }
        },
        {
            "name": "mouth",
            "from": [ 2, 15, 4 ], 
            "to": [ 3, 16, 12 ], 
            "faces": {
                "east": { "texture": "#flesh", "uv": [ 0, 0, 8, 1 ] },
                "up": { "texture": "#flesh", "uv": [ 2, 4, 3, 12 ] },
                "down": { "texture": "#flesh", "uv": [ 0, 0, 1, 8 ] }
            }
        },
        {
            "name": "teeth",
            "from": [ 8, 15, 1 ], 
            "to": [ 10, 15, 8 ], 
            "faces": {
                "east": { "texture": "#flesh", "uv": [ 0, 0, 7, 0 ] },
                "south": { "texture": "#flesh", "uv": [ 0, 0, 9, 1 ] },
                "west": { "texture": "#flesh", "uv": [ 14, 0, 16, 0 ] },
                "up": { "texture": "#bramble_thorns", "uv": [ 8, 8, 10, 15 ] },
                "down": { "texture": "#flesh", "uv": [ 0, 0, 2, 7 ] }
            }
        },
        {
            "name": "teeth",
            "from": [ 5, 15, 2 ], 
            "to": [ 7, 15, 6 ], 
            "faces": {
                "east": { "texture": "#flesh", "uv": [ 0, 0, 4, 0 ] },
                "south": { "texture": "#flesh", "uv": [ 0, 0, 9, 1 ] },
                "west": { "texture": "#flesh", "uv": [ 14, 0, 16, 0 ] },
                "up": { "texture": "#bramble_thorns", "uv": [ 6, 1, 8, 6 ], "rotation": 180 },
                "down": { "texture": "#flesh", "uv": [ 0, 0, 2, 4 ] }
            }
        },
        {
            "name": "teeth",
            "from": [ 7, 15, 9 ], 
            "to": [ 9, 15, 14 ], 
            "faces": {
                "north": { "texture": "#flesh", "uv": [ 0, 0, 2, 0 ] },
                "east": { "texture": "#flesh", "uv": [ 0, 0, 5, 0 ] },
                "west": { "texture": "#flesh", "uv": [ 14, 0, 16, 0 ] },
                "up": { "texture": "#bramble_thorns", "uv": [ 8, 10, 10, 15 ], "rotation": 180 },
                "down": { "texture": "#flesh", "uv": [ 0, 0, 2, 5 ] }
            }
        },
        {
            "name": "teeth",
            "from": [ 10, 15, 9 ], 
            "to": [ 11, 15, 14 ], 
            "faces": {
                "north": { "texture": "#flesh", "uv": [ 0, 0, 1, 0 ] },
                "east": { "texture": "#flesh", "uv": [ 0, 0, 5, 0 ] },
                "west": { "texture": "#flesh", "uv": [ 14, 0, 16, 0 ] },
                "up": { "texture": "#bramble_thorns", "uv": [ 8, 10, 9, 15 ], "rotation": 180 },
                "down": { "texture": "#flesh", "uv": [ 0, 0, 1, 5 ] }
            }
        },
        {
            "name": "teeth",
            "from": [ 12, 15, 9 ], 
            "to": [ 14, 15, 14 ], 
            "faces": {
                "north": { "texture": "#flesh", "uv": [ 0, 0, 2, 0 ] },
                "west": { "texture": "#flesh", "uv": [ 14, 0, 16, 0 ] },
                "up": { "texture": "#bramble_thorns", "uv": [ 8, 10, 10, 15 ], "rotation": 180 },
                "down": { "texture": "#flesh", "uv": [ 0, 0, 2, 5 ] }
            }
        },
        {
            "name": "teeth",
            "from": [ 11, 15, 3 ], 
            "to": [ 13, 15, 7 ], 
            "faces": {
                "east": { "texture": "#flesh", "uv": [ 0, 0, 4, 0 ] },
                "south": { "texture": "#flesh", "uv": [ 0, 0, 9, 1 ] },
                "west": { "texture": "#flesh", "uv": [ 12, 0, 16, 0 ] },
                "up": { "texture": "#bramble_thorns", "uv": [ 8, 1, 6, 6 ], "rotation": 180 },
                "down": { "texture": "#flesh", "uv": [ 0, 0, 2, 4 ] }
            }
        },
        {
            "name": "teeth",
            "from": [ 4, 15, 6 ], 
            "to": [ 5, 15, 13 ], 
            "faces": {
                "north": { "texture": "#flesh", "uv": [ 0, 0, 1, 0 ] },
                "east": { "texture": "#flesh", "uv": [ 0, 0, 7, 0 ] },
                "west": { "texture": "#flesh", "uv": [ 14, 0, 16, 0 ] },
                "up": { "texture": "#bramble_thorns", "uv": [ 9, 8, 10, 15 ], "rotation": 180 },
                "down": { "texture": "#flesh", "uv": [ 0, 0, 1, 7 ] }
            }
        }
    ]
}