{
    "textures": {
        "particle": "biomesoplenty:block/glowshroom",
        "mushroom": "biomesoplenty:block/glowshroom_base"
    },
    "display": {
        "gui": {
            "rotation": [ 30, 45, 0 ],
            "translation": [ 0, 0, 0 ],
            "scale": [ 0.625, 0.625, 0.625 ]
        },
        "ground": {
            "rotation": [ 0, 0, 0 ],
            "translation": [ 0, 3, 0 ],
            "scale": [ 0.25, 0.25, 0.25 ]
        },
        "fixed": {
            "rotation": [ 0, 180, 0 ],
            "translation": [ 0, 0, 0 ],
            "scale": [ 1, 1, 1 ]
        },
        "head": {
            "rotation": [ 0, 180, 0 ],
            "translation": [ 0, 0, 0 ],
            "scale": [ 1, 1, 1 ]
        },
        "firstperson_righthand": {
            "rotation": [ 0, 315, 0 ],
            "translation": [ 0, 2.5, 0 ],
            "scale": [ 0.4, 0.4, 0.4 ]
        },
        "thirdperson_righthand": {
            "rotation": [ 75, 315, 0 ],
            "translation": [ 0, 2.5, 0 ],
            "scale": [ 0.375, 0.375, 0.375 ]
        }
    },
    "elements": [
        {
            "name": "base2",
            "from": [ 7.2, 0, 10.2 ], 
            "to": [ 7.9, 4, 10.9 ], 
            "faces": {
                "north": { "texture": "#mushroom", "uv": [ 0, 5, 1, 1 ] },
                "east": { "texture": "#mushroom", "uv": [ 0, 5, 1, 1 ] },
                "south": { "texture": "#mushroom", "uv": [ 0, 5, 1, 1 ] },
                "west": { "texture": "#mushroom", "uv": [ 0, 5, 1, 1 ] },
                "down": { "texture": "#mushroom", "uv": [ 1, 1, 2, 2 ] }
            }
        },
        {
            "name": "head2",
            "from": [ 6, 4, 9 ], 
            "to": [ 9, 4.8, 12 ], 
            "shade": false,
            "faces": {
                "north": { "texture": "#mushroom", "uv": [ 7, 7, 8, 10 ], "rotation": 90 },
                "east": { "texture": "#mushroom", "uv": [ 8, 7, 9, 10 ], "rotation": 90 },
                "south": { "texture": "#mushroom", "uv": [ 7, 7, 8, 10 ], "rotation": 90 },
                "west": { "texture": "#mushroom", "uv": [ 7, 7, 8, 10 ], "rotation": 90 },
                "up": { "texture": "#mushroom", "uv": [ 4, 7, 7, 10 ] },
                "down": { "texture": "#mushroom", "uv": [ 8, 7, 11, 10 ] }
            }
        },
        {
            "name": "base1",
            "from": [ 10.1, 0, 6.1 ], 
            "to": [ 10.9, 5, 6.9 ], 
            "faces": {
                "north": { "texture": "#mushroom", "uv": [ 2, 5, 3, 0 ] },
                "east": { "texture": "#mushroom", "uv": [ 1, 5, 2, 0 ] },
                "south": { "texture": "#mushroom", "uv": [ 1, 5, 2, 0 ] },
                "west": { "texture": "#mushroom", "uv": [ 1, 5, 2, 1 ] },
                "down": { "texture": "#mushroom", "uv": [ 1, 1, 2, 2 ] }
            }
        },
        {
            "name": "head1",
            "from": [ 8, 5, 4 ], 
            "to": [ 13, 6, 9 ], 
            "shade": false,
            "faces": {
                "north": { "texture": "#mushroom", "uv": [ 15, 0, 16, 5 ], "rotation": 90 },
                "east": { "texture": "#mushroom", "uv": [ 15, 0, 16, 5 ], "rotation": 90 },
                "south": { "texture": "#mushroom", "uv": [ 9, 0, 10, 5 ], "rotation": 90 },
                "west": { "texture": "#mushroom", "uv": [ 15, 0, 16, 5 ], "rotation": 90 },
                "up": { "texture": "#mushroom", "uv": [ 4, 0, 9, 5 ] },
                "down": { "texture": "#mushroom", "uv": [ 10, 0, 15, 5 ] }
            }
        },
        {
            "name": "base3",
            "from": [ 4.96, 0, 3.97 ], 
            "to": [ 5.56, 3, 4.57 ], 
            "faces": {
                "north": { "texture": "#mushroom", "uv": [ 0, 10, 1, 7 ] },
                "east": { "texture": "#mushroom", "uv": [ 1, 10, 2, 7 ] },
                "south": { "texture": "#mushroom", "uv": [ 2, 10, 3, 7 ] },
                "west": { "texture": "#mushroom", "uv": [ 1, 10, 2, 7 ] },
                "down": { "texture": "#mushroom", "uv": [ 2, 0, 3, 1 ] }
            }
        },
        {
            "name": "head3",
            "from": [ 4, 3, 3 ], 
            "to": [ 6.5, 3.7, 5.5 ], 
            "shade": false,
            "faces": {
                "north": { "texture": "#mushroom", "uv": [ 7, 7, 8, 10 ], "rotation": 90 },
                "east": { "texture": "#mushroom", "uv": [ 8, 7, 9, 10 ], "rotation": 90 },
                "south": { "texture": "#mushroom", "uv": [ 7, 7, 8, 10 ], "rotation": 90 },
                "west": { "texture": "#mushroom", "uv": [ 7, 7, 8, 10 ], "rotation": 90 },
                "up": { "texture": "#mushroom", "uv": [ 4, 7, 7, 10 ] },
                "down": { "texture": "#mushroom", "uv": [ 8, 7, 11, 10 ] }
            }
        }
    ]
}