{
    "__comment": "Model generated using MrCrayfish's Model Creator (https://mrcrayfish.com/tools?id=mc)",
    "textures": {
        "particle": "biomesoplenty:block/mahogany_fence",
        "fence": "biomesoplenty:block/mahogany_fence"
    },
    "elements": [
        {
            "from": [ 6, 0, 6 ], 
            "to": [ 10, 16, 10 ], 
            "faces": {
                "north": { "texture": "#fence", "uv": [ 10, 0, 6, 16 ] },
                "east": { "texture": "#fence", "uv": [ 10, 0, 6, 16 ] },
                "south": { "texture": "#fence", "uv": [ 10, 0, 6, 16 ] },
                "west": { "texture": "#fence", "uv": [ 10, 0, 6, 16 ] },
                "up": { "texture": "#fence", "uv": [ 12, 5, 16, 9 ] },
                "down": { "texture": "#fence", "uv": [ 12, 5, 16, 9 ], "cullface": "down" }
            }
        }
    ]
}