{
    "__comment": "Model generated using MrCrayfish's Model Creator (https://mrcrayfish.com/tools?id=mc)",
"ambientocclusion": false,
    "textures": {
        "particle": "biomesoplenty:block/mahogany_door_bottom",
        "side": "biomesoplenty:block/mahogany_door_side",
        "bottom": "biomesoplenty:block/mahogany_door_bottom"
    },
    "elements": [
        {
            "from": [ 0, 0, 0 ], 
            "to": [ 3, 3, 16 ], 
            "faces": {
                "north": { "texture": "#side", "uv": [ 0, 13, 3, 16 ], "cullface": "north" },
                "east": { "texture": "#bottom", "uv": [ 0, 13, 16, 16 ] },
                "south": { "texture": "#side", "uv": [ 0, 13, 3, 16 ], "cullface": "south" },
                "west": { "texture": "#bottom", "uv": [ 16, 13, 0, 16 ], "cullface": "west" },
                "up": { "texture": "#bottom", "uv": [ 0, 13, 16, 16 ], "rotation": 90 },
                "down": { "texture": "#side", "uv": [ 8, 0, 11, 16 ], "cullface": "down" }
            }
        },
        {
            "from": [ 0, 13, 0 ], 
            "to": [ 3, 16, 16 ], 
            "faces": {
                "north": { "texture": "#side", "uv": [ 0, 0, 3, 3 ], "cullface": "north" },
                "east": { "texture": "#bottom", "uv": [ 0, 0, 16, 3 ] },
                "south": { "texture": "#side", "uv": [ 0, 0, 3, 3 ], "cullface": "south" },
                "west": { "texture": "#bottom", "uv": [ 16, 0, 0, 3 ], "cullface": "west" },
                "up": { "texture": "#bottom", "uv": [ 0, 0, 16, 3 ], "rotation": 90 },
                "down": { "texture": "#bottom", "uv": [ 0, 0, 16, 3 ], "rotation": 90 }
            }
        },
        {
            "from": [ 0, 3, 0 ], 
            "to": [ 3, 13, 3 ], 
            "faces": {
                "north": { "texture": "#side", "uv": [ 0, 3, 3, 13 ], "cullface": "north" },
                "east": { "texture": "#bottom", "uv": [ 13, 3, 16, 13 ] },
                "south": { "texture": "#bottom", "uv": [ 13, 3, 16, 13 ] },
                "west": { "texture": "#bottom", "uv": [ 13, 3, 16, 13 ], "cullface": "west" }
            }
        },
        {
            "from": [ 0, 3, 13 ], 
            "to": [ 3, 13, 16 ], 
            "faces": {
                "north": { "texture": "#bottom", "uv": [ 13, 3, 16, 13 ] },
                "east": { "texture": "#bottom", "uv": [ 0, 3, 3, 13 ] },
                "south": { "texture": "#side", "uv": [ 0, 3, 3, 13 ], "cullface": "south" },
                "west": { "texture": "#bottom", "uv": [ 3, 3, 0, 13 ], "cullface": "west" }
            }
        },
        {
            "from": [ 1, 3, 3 ], 
            "to": [ 2, 13, 13 ], 
            "faces": {
                "east": { "texture": "#bottom", "uv": [ 3, 3, 13, 13 ] },
                "west": { "texture": "#bottom", "uv": [ 13, 3, 3, 13 ], "cullface": "west" }
            }
        }
    ]
}