{
    "__comment": "Model generated using MrCrayfish's Model Creator (https://mrcrayfish.com/tools?id=mc)",
"ambientocclusion": false,
    "textures": {
        "particle": "biomesoplenty:block/mahogany_door_top",
        "side": "biomesoplenty:block/mahogany_door_side",
        "top": "biomesoplenty:block/mahogany_door_top"
    },
    "elements": [
        {
            "from": [ 0, 13, 0 ], 
            "to": [ 3, 16, 16 ], 
            "faces": {
                "north": { "texture": "#side", "uv": [ 4, 0, 7, 3 ], "cullface": "north" },
                "east": { "texture": "#top", "uv": [ 16, 0, 0, 3 ] },
                "south": { "texture": "#side", "uv": [ 4, 0, 7, 3 ], "cullface": "south" },
                "west": { "texture": "#top", "uv": [ 0, 0, 16, 3 ], "cullface": "west" },
                "up": { "texture": "#side", "uv": [ 12, 0, 15, 16 ], "cullface": "up" },
                "down": { "texture": "#top", "uv": [ 0, 0, 16, 3 ], "rotation": 90 }
            }
        },
        {
            "from": [ 0, 0, 0 ], 
            "to": [ 3, 13, 3 ], 
            "faces": {
                "north": { "texture": "#side", "uv": [ 4, 3, 7, 16 ], "cullface": "north" },
                "east": { "texture": "#top", "uv": [ 3, 3, 0, 16 ] },
                "south": { "texture": "#top", "uv": [ 0, 3, 3, 16 ] },
                "west": { "texture": "#top", "uv": [ 0, 3, 3, 16 ], "cullface": "west" }
            }
        },
        {
            "from": [ 0, 0, 13 ], 
            "to": [ 3, 13, 16 ], 
            "faces": {
                "north": { "texture": "#top", "uv": [ 13, 3, 16, 16 ] },
                "east": { "texture": "#top", "uv": [ 16, 3, 13, 16 ] },
                "south": { "texture": "#side", "uv": [ 4, 3, 7, 16 ], "cullface": "south" },
                "west": { "texture": "#top", "uv": [ 13, 3, 16, 16 ], "cullface": "west" }
            }
        },
        {
            "from": [ 1, 0, 3 ], 
            "to": [ 2, 13, 13 ], 
            "faces": {
                "east": { "texture": "#top", "uv": [ 13, 3, 3, 16 ] },
                "west": { "texture": "#top", "uv": [ 3, 3, 13, 16 ], "cullface": "west" }
            }
        }
    ]
}