{
    "__comment": "Model generated using MrCrayfish's Model Creator (https://mrcrayfish.com/tools?id=mc)",
"ambientocclusion": false,
    "textures": {
        "palm_door_bottom": "biomesoplenty:block/palm_door_bottom",
		"particle": "biomesoplenty:block/palm_door_bottom"
    },
    "display": {
        "gui": {
            "rotation": [ 30, 45, 0 ],
            "translation": [ 0, 0, 0 ],
            "scale": [ 0.625, 0.625, 0.625 ]
        },
        "ground": {
            "rotation": [ 0, 0, 0 ],
            "translation": [ 0, 3, 0 ],
            "scale": [ 0.25, 0.25, 0.25 ]
        },
        "fixed": {
            "rotation": [ 0, 180, 0 ],
            "translation": [ 0, 0, 0 ],
            "scale": [ 1, 1, 1 ]
        },
        "head": {
            "rotation": [ 0, 180, 0 ],
            "translation": [ 0, 0, 0 ],
            "scale": [ 1, 1, 1 ]
        },
        "firstperson_righthand": {
            "rotation": [ 0, 315, 0 ],
            "translation": [ 0, 2.5, 0 ],
            "scale": [ 0.4, 0.4, 0.4 ]
        },
        "thirdperson_righthand": {
            "rotation": [ 75, 315, 0 ],
            "translation": [ 0, 2.5, 0 ],
            "scale": [ 0.375, 0.375, 0.375 ]
        }
    },
    "elements": [
        {
            "from": [ 0, 0, 0 ], 
            "to": [ 3, 16, 3 ], 
            "faces": {
                "north": { "texture": "#palm_door_bottom", "uv": [ 16, 0, 13, 16 ], "cullface": "north" },
                "east": { "texture": "#palm_door_bottom", "uv": [ 13, 0, 16, 16 ] },
                "south": { "texture": "#palm_door_bottom", "uv": [ 0, 0, 3, 16 ] },
                "west": { "texture": "#palm_door_bottom", "uv": [ 0, 0, 3, 16 ], "cullface": "west" },
                "down": { "texture": "#palm_door_bottom", "uv": [ 0, 13, 3, 16 ], "rotation": 90, "cullface": "down" }
            }
        },
        {
            "from": [ 0, 0, 13 ], 
            "to": [ 3, 16, 16 ], 
            "faces": {
                "north": { "texture": "#palm_door_bottom", "uv": [ 16, 0, 13, 16 ] },
                "east": { "texture": "#palm_door_bottom", "uv": [ 0, 0, 3, 16 ] },
                "south": { "texture": "#palm_door_bottom", "uv": [ 0, 0, 3, 16 ], "cullface": "south" },
                "west": { "texture": "#palm_door_bottom", "uv": [ 13, 0, 16, 16 ], "cullface": "west" },
                "down": { "texture": "#palm_door_bottom", "uv": [ 13, 13, 16, 16 ], "rotation": 90, "cullface": "down" }
            }
        },
        {
            "from": [ 1, 1, 5 ], 
            "to": [ 2, 16, 7 ], 
            "faces": {
                "north": { "texture": "#palm_door_bottom", "uv": [ 10, 0, 11, 15 ] },
                "east": { "texture": "#palm_door_bottom", "uv": [ 9, 0, 11, 15 ] },
                "south": { "texture": "#palm_door_bottom", "uv": [ 5, 0, 6, 15 ] },
                "west": { "texture": "#palm_door_bottom", "uv": [ 5, 0, 7, 15 ] }
            }
        },
        {
            "from": [ 1, 1, 9 ], 
            "to": [ 2, 16, 11 ], 
            "faces": {
                "north": { "texture": "#palm_door_bottom", "uv": [ 5, 0, 6, 15 ] },
                "east": { "texture": "#palm_door_bottom", "uv": [ 5, 0, 7, 15 ] },
                "south": { "texture": "#palm_door_bottom", "uv": [ 6, 0, 7, 15 ] },
                "west": { "texture": "#palm_door_bottom", "uv": [ 9, 0, 11, 15 ] }
            }
        },
        {
            "from": [ 0, 0, 3 ], 
            "to": [ 3, 3, 13 ], 
            "faces": {
                "east": { "texture": "#palm_door_bottom", "uv": [ 3, 13, 13, 16 ] },
                "west": { "texture": "#palm_door_bottom", "uv": [ 3, 13, 13, 16 ] },
                "up": { "texture": "#palm_door_bottom", "uv": [ 3, 13, 13, 16 ], "rotation": 90 },
                "down": { "texture": "#palm_door_bottom", "uv": [ 13, 13, 3, 16 ], "rotation": 90 }
            }
        },
        {
            "from": [ 1, 13, 2 ], 
            "to": [ 2, 15, 14 ], 
            "faces": {
                "east": { "texture": "#palm_door_bottom", "uv": [ 2, 1, 14, 3 ] },
                "west": { "texture": "#palm_door_bottom", "uv": [ 2, 1, 14, 3 ] },
                "up": { "texture": "#palm_door_bottom", "uv": [ 2, 1, 14, 2 ], "rotation": 90 },
                "down": { "texture": "#palm_door_bottom", "uv": [ 14, 2, 2, 3 ], "rotation": 90 }
            }
        },
        {
            "from": [ 1, 9, 2 ], 
            "to": [ 2, 11, 14 ], 
            "faces": {
                "east": { "texture": "#palm_door_bottom", "uv": [ 2, 5, 14, 7 ] },
                "west": { "texture": "#palm_door_bottom", "uv": [ 2, 5, 14, 7 ] },
                "up": { "texture": "#palm_door_bottom", "uv": [ 2, 5, 14, 6 ], "rotation": 90 },
                "down": { "texture": "#palm_door_bottom", "uv": [ 14, 6, 2, 7 ], "rotation": 90 }
            }
        },
        {
            "from": [ 1, 5, 2 ], 
            "to": [ 2, 7, 14 ], 
            "faces": {
                "east": { "texture": "#palm_door_bottom", "uv": [ 2, 9, 14, 11 ] },
                "west": { "texture": "#palm_door_bottom", "uv": [ 2, 9, 14, 11 ] },
                "up": { "texture": "#palm_door_bottom", "uv": [ 2, 9, 14, 10 ], "rotation": 90 },
                "down": { "texture": "#palm_door_bottom", "uv": [ 14, 10, 2, 11 ], "rotation": 90 }
            }
        }
    ]
}