{
    "__comment": "Model generated using MrCrayfish's Model Creator (https://mrcrayfish.com/tools?id=mc)",
    "textures": {
        "particle": "biomesoplenty:block/palm_fence",
        "top": "biomesoplenty:block/palm_fence_top",
        "particle": "biomesoplenty:block/palm_fence",
        "fence": "biomesoplenty:block/palm_fence"
    },
    "elements": [
        {
            "from": [ 7, 0, 7 ], 
            "to": [ 9, 16, 9 ], 
            "faces": {
                "north": { "texture": "#fence", "uv": [ 7, 0, 9, 16 ] },
                "east": { "texture": "#fence", "uv": [ 7, 0, 9, 16 ] },
                "south": { "texture": "#fence", "uv": [ 7, 0, 9, 16 ] },
                "west": { "texture": "#fence", "uv": [ 7, 0, 9, 16 ] },
                "up": { "texture": "#top", "uv": [ 7, 7, 9, 9 ], "cullface": "up" },
                "down": { "texture": "#top", "uv": [ 7, 7, 9, 9 ], "cullface": "down" }
            }
        },
        {
            "from": [ 7.5, 13, 1 ], 
            "to": [ 8.5, 15, 7 ], 
            "faces": {
                "east": { "texture": "#fence", "uv": [ 9, 1, 15, 3 ] },
                "west": { "texture": "#fence", "uv": [ 9, 1, 15, 3 ] },
                "up": { "texture": "#top", "uv": [ 7, 1, 8, 7 ] }
            }
        },
        {
            "from": [ 7.5, 0, 1 ], 
            "to": [ 8.5, 13, 7 ], 
            "faces": {
                "east": { "texture": "#fence", "uv": [ 9, 3, 15, 16 ] },
                "west": { "texture": "#fence", "uv": [ 1, 3, 7, 16 ] },
                "down": { "texture": "#top", "uv": [ 8, 5, 9, 11 ] }
            }
        },
        {
            "from": [ 7, 0, 0 ], 
            "to": [ 9, 16, 1 ], 
            "faces": {
                "north": { "texture": "#fence", "uv": [ 7, 0, 9, 16 ] },
                "east": { "texture": "#fence", "uv": [ 15, 0, 16, 16 ] },
                "south": { "texture": "#fence", "uv": [ 7, 0, 9, 16 ] },
                "west": { "texture": "#fence", "uv": [ 0, 0, 1, 16 ] },
                "up": { "texture": "#top", "uv": [ 9, 7, 7, 8 ] },
                "down": { "texture": "#top", "uv": [ 7, 8, 9, 9 ] }
            }
        },
        {
            "from": [ 7.5, -1, 1 ], 
            "to": [ 8.5, 0, 7 ], 
            "faces": {
                "east": { "texture": "#fence", "uv": [ 9, 4, 15, 5 ] },
                "west": { "texture": "#particle", "uv": [ 1, 4, 7, 5 ] }
            }
        }
    ]
}