{
	"credit": "Made with Blockbench",
	"ambientocclusion": false,
	"textures": {
		"palm_door_bottom": "biomesoplenty:block/palm_door_bottom",
		"particle": "biomesoplenty:block/palm_door_bottom"
	},
	"elements": [
		{
			"from": [0, 0, 13],
			"to": [3, 16, 16],
			"faces": {
				"north": {"uv": [3, 0, 0, 16], "texture": "#palm_door_bottom"},
				"east": {"uv": [16, 0, 13, 16], "texture": "#palm_door_bottom"},
				"south": {"uv": [13, 0, 16, 16], "texture": "#palm_door_bottom", "cullface": "north"},
				"west": {"uv": [3, 0, 0, 16], "texture": "#palm_door_bottom", "cullface": "west"},
				"down": {"uv": [3, 13, 0, 16], "rotation": 90, "texture": "#palm_door_bottom", "cullface": "down"}
			}
		},
		{
			"from": [0, 0, 0],
			"to": [3, 16, 3],
			"faces": {
				"north": {"uv": [3, 0, 0, 16], "texture": "#palm_door_bottom", "cullface": "south"},
				"east": {"uv": [3, 0, 0, 16], "texture": "#palm_door_bottom"},
				"south": {"uv": [13, 0, 16, 16], "texture": "#palm_door_bottom"},
				"west": {"uv": [16, 0, 13, 16], "texture": "#palm_door_bottom", "cullface": "west"},
				"down": {"uv": [16, 13, 13, 16], "rotation": 90, "texture": "#palm_door_bottom", "cullface": "down"}
			}
		},
		{
			"from": [1, 1, 9],
			"to": [2, 16, 11],
			"faces": {
				"north": {"uv": [6, 0, 5, 15], "texture": "#palm_door_bottom"},
				"east": {"uv": [11, 0, 9, 15], "texture": "#palm_door_bottom"},
				"south": {"uv": [11, 0, 10, 15], "texture": "#palm_door_bottom"},
				"west": {"uv": [7, 0, 5, 15], "texture": "#palm_door_bottom"}
			}
		},
		{
			"from": [1, 1, 5],
			"to": [2, 16, 7],
			"faces": {
				"north": {"uv": [7, 0, 6, 15], "texture": "#palm_door_bottom"},
				"east": {"uv": [7, 0, 5, 15], "texture": "#palm_door_bottom"},
				"south": {"uv": [6, 0, 5, 15], "texture": "#palm_door_bottom"},
				"west": {"uv": [11, 0, 9, 15], "texture": "#palm_door_bottom"}
			}
		},
		{
			"from": [0, 0, 3],
			"to": [3, 3, 13],
			"faces": {
				"east": {"uv": [13, 13, 3, 16], "texture": "#palm_door_bottom"},
				"west": {"uv": [13, 13, 3, 16], "texture": "#palm_door_bottom"},
				"up": {"uv": [13, 13, 3, 16], "rotation": 90, "texture": "#palm_door_bottom"},
				"down": {"uv": [3, 13, 13, 16], "rotation": 90, "texture": "#palm_door_bottom"}
			}
		},
		{
			"from": [1, 13, 2],
			"to": [2, 15, 14],
			"faces": {
				"east": {"uv": [14, 1, 2, 3], "texture": "#palm_door_bottom"},
				"west": {"uv": [14, 1, 2, 3], "texture": "#palm_door_bottom"},
				"up": {"uv": [14, 1, 2, 2], "rotation": 90, "texture": "#palm_door_bottom"},
				"down": {"uv": [2, 2, 14, 3], "rotation": 90, "texture": "#palm_door_bottom"}
			}
		},
		{
			"from": [1, 9, 2],
			"to": [2, 11, 14],
			"faces": {
				"east": {"uv": [14, 5, 2, 7], "texture": "#palm_door_bottom"},
				"west": {"uv": [14, 5, 2, 7], "texture": "#palm_door_bottom"},
				"up": {"uv": [14, 5, 2, 6], "rotation": 90, "texture": "#palm_door_bottom"},
				"down": {"uv": [2, 6, 14, 7], "rotation": 90, "texture": "#palm_door_bottom"}
			}
		},
		{
			"from": [1, 5, 2],
			"to": [2, 7, 14],
			"faces": {
				"east": {"uv": [14, 9, 2, 11], "texture": "#palm_door_bottom"},
				"west": {"uv": [14, 9, 2, 11], "texture": "#palm_door_bottom"},
				"up": {"uv": [14, 9, 2, 10], "rotation": 90, "texture": "#palm_door_bottom"},
				"down": {"uv": [2, 10, 14, 11], "rotation": 90, "texture": "#palm_door_bottom"}
			}
		}
	],
	"display": {
		"thirdperson_righthand": {
			"rotation": [75, 315, 0],
			"translation": [0, 2.5, 0],
			"scale": [0.375, 0.375, 0.375]
		},
		"firstperson_righthand": {
			"rotation": [0, 315, 0],
			"translation": [0, 2.5, 0],
			"scale": [0.4, 0.4, 0.4]
		},
		"ground": {
			"translation": [0, 3, 0],
			"scale": [0.25, 0.25, 0.25]
		},
		"gui": {
			"rotation": [30, 45, 0],
			"scale": [0.625, 0.625, 0.625]
		},
		"head": {
			"rotation": [0, 180, 0]
		},
		"fixed": {
			"rotation": [0, 180, 0]
		}
	}
}