{
    "ambientocclusion": false,   
   "textures": {
        "pink_daffodil_crown": "biomesoplenty:block/pink_daffodil_crown",
        "petal": "biomesoplenty:block/pink_daffodil_petal",
        "base": "biomesoplenty:block/pink_daffodil_base",
		"particle": "biomesoplenty:block/pink_daffodil"
    },
    "elements": [
        {
            "name": "Element",
            "from": [ 8, 0, 5 ], 
            "to": [ 8, 10, 11 ], 

            "rotation": { "origin": [ 8, 8, 8 ], "axis": "y", "angle": 45.0, "rescale": true },
            "faces": {
                "east": { "texture": "#base", "uv": [ 4, 6, 10, 16 ] },
                "west": { "texture": "#base", "uv": [ 4, 6, 10, 16 ] }
            }
        },
        {
            "name": "Cube",
            "from": [ 2, 10.6, 2 ], 
            "to": [ 14, 10.6, 14 ],
			"shade": false,
            "rotation": { "origin": [ 8, 10, 8 ], "axis": "x", "angle": -45.0 },
            "faces": {
                "up": { "texture": "#petal", "uv": [ 2, 0, 14, 12 ] },
                "down": { "texture": "#petal", "uv": [ 2, 0, 14, 12 ] }
            }
        },
        {
            "name": "Element",
            "from": [ 8, 0, 5 ], 
            "to": [ 8, 10, 11 ], 

            "rotation": { "origin": [ 8, 8, 8 ], "axis": "y", "angle": -45.0, "rescale": true },
            "faces": {
                "east": { "texture": "#base", "uv": [ 4, 6, 10, 16 ] },
                "west": { "texture": "#base", "uv": [ 4, 6, 10, 16 ] }
            }
        },
        {
            "name": "Cube",
            "from": [ 7, 8, 3 ], 
            "to": [ 7, 12, 8 ], 

            "rotation": { "origin": [ 8, 10, 8 ], "axis": "x", "angle": 45.0 },
            "faces": {
                "east": { "texture": "#pink_daffodil_crown", "uv": [ 6, 10, 2, 15 ], "rotation": 90 },
                "west": { "texture": "#pink_daffodil_crown", "uv": [ 2, 3, 6, 8 ], "rotation": 270 }
            }
        },
        {
            "name": "Cube",
            "from": [ 9, 8, 3 ], 
            "to": [ 9, 12, 8 ], 

            "rotation": { "origin": [ 8, 10, 8 ], "axis": "x", "angle": 45.0 },
            "faces": {
                "east": { "texture": "#pink_daffodil_crown", "uv": [ 2, 3, 6, 8 ], "rotation": 90 },
                "west": { "texture": "#pink_daffodil_crown", "uv": [ 6, 10, 2, 15 ], "rotation": 270 }
            }
        },
        {
            "name": "Cube",
            "from": [ 6, 11, 3 ], 
            "to": [ 10, 11, 8 ], 

            "rotation": { "origin": [ 8, 10, 8 ], "axis": "x", "angle": 45.0 },
            "faces": {
                "up": { "texture": "#pink_daffodil_crown", "uv": [ 2, 3, 6, 8 ] },
                "down": { "texture": "#pink_daffodil_crown", "uv": [ 6, 10, 2, 15 ], "rotation": 180 }
            }
        },
        {
            "name": "Cube",
            "from": [ 6, 9, 3 ], 
            "to": [ 10, 9, 8 ], 

            "rotation": { "origin": [ 8, 10, 8 ], "axis": "x", "angle": 45.0 },
            "faces": {
                "up": { "texture": "#pink_daffodil_crown", "uv": [ 6, 10, 2, 15 ] },
                "down": { "texture": "#pink_daffodil_crown", "uv": [ 2, 3, 6, 8 ], "rotation": 180 }
            }
        },
        {
            "name": "Cube",
            "from": [ 5, 9.5, 6 ], 
            "to": [ 11, 9.5, 10 ], 
            "rotation": { "origin": [ 8, 10, 8 ], "axis": "x", "angle": -45.0 },
            "faces": {
                "down": { "texture": "#pink_daffodil_crown", "uv": [ 8, 9, 14, 13 ] }
            }
        }
    ]
}