{
	"credit": "Made with Blockbench",
	"textures": {
		"redwood_fence_top": "biomesoplenty:block/redwood_fence_top",
		"particle": "biomesoplenty:block/redwood_fence",
		"redwood_fence": "biomesoplenty:block/redwood_fence"
	},
	"elements": [
		{
			"from": [7, 1, 7],
			"to": [9, 15, 9],
			"faces": {
				"north": {"uv": [7, 1, 9, 15], "texture": "#redwood_fence"},
				"east": {"uv": [7, 0, 9, 16], "texture": "#redwood_fence"},
				"south": {"uv": [7, 0, 9, 16], "texture": "#redwood_fence"},
				"west": {"uv": [7, 0, 9, 16], "texture": "#redwood_fence"},
				"up": {"uv": [7, 7, 9, 9], "rotation": 90, "texture": "#redwood_fence_top", "cullface": "up"},
				"down": {"uv": [7, 7, 9, 9], "rotation": 90, "texture": "#redwood_fence_top", "cullface": "down"}
			}
		},
		{
			"from": [9, 13, 7.5],
			"to": [15, 15, 8.5],
			"faces": {
				"north": {"uv": [9, 1, 15, 3], "texture": "#redwood_fence"},
				"south": {"uv": [9, 1, 15, 3], "texture": "#redwood_fence"},
				"up": {"uv": [7, 1, 8, 7], "rotation": 90, "texture": "#redwood_fence_top"},
				"down": {"uv": [7, 9, 8, 15], "rotation": 90, "texture": "#redwood_fence_top"}
			}
		},
		{
			"from": [9, 3, 7.5],
			"to": [15, 13, 8.5],
			"faces": {
				"north": {"uv": [1, 3, 7, 13], "texture": "#redwood_fence"},
				"south": {"uv": [9, 3, 15, 13], "texture": "#redwood_fence"},
				"down": {"uv": [8, 5, 9, 11], "rotation": 90, "texture": "#redwood_fence_top"}
			}
		},
		{
			"from": [15, 0, 7],
			"to": [16, 16, 9],
			"faces": {
				"north": {"uv": [0, 0, 1, 16], "texture": "#redwood_fence"},
				"east": {"uv": [7, 0, 9, 16], "texture": "#redwood_fence"},
				"south": {"uv": [15, 0, 16, 16], "texture": "#redwood_fence"},
				"west": {"uv": [7, 0, 9, 16], "texture": "#redwood_fence"},
				"up": {"uv": [9, 7, 7, 8], "rotation": 90, "texture": "#redwood_fence_top"},
				"down": {"uv": [7, 8, 9, 9], "rotation": 90, "texture": "#redwood_fence_top"}
			}
		},
		{
			"from": [9, 1, 7.5],
			"to": [15, 3, 8.5],
			"faces": {
				"north": {"uv": [9, 1, 15, 3], "texture": "#redwood_fence"},
				"south": {"uv": [9, 1, 15, 3], "texture": "#redwood_fence"},
				"up": {"uv": [7, 1, 8, 7], "rotation": 90, "texture": "#redwood_fence_top"},
				"down": {"uv": [7, 9, 8, 15], "rotation": 90, "texture": "#redwood_fence_top"}
			}
		},
		{
			"from": [1, 3, 7.5],
			"to": [7, 13, 8.5],
			"faces": {
				"north": {"uv": [9, 3, 15, 13], "texture": "#redwood_fence"},
				"south": {"uv": [1, 3, 7, 13], "texture": "#redwood_fence"},
				"down": {"uv": [8, 5, 9, 11], "rotation": 90, "texture": "#redwood_fence_top"}
			}
		},
		{
			"from": [1, 1, 7.5],
			"to": [7, 3, 8.5],
			"faces": {
				"north": {"uv": [1, 1, 7, 3], "texture": "#redwood_fence"},
				"south": {"uv": [1, 1, 7, 3], "texture": "#redwood_fence"},
				"up": {"uv": [7, 1, 8, 7], "rotation": 90, "texture": "#redwood_fence_top"},
				"down": {"uv": [7, 9, 8, 15], "rotation": 90, "texture": "#redwood_fence_top"}
			}
		},
		{
			"from": [1, 13, 7.5],
			"to": [7, 15, 8.5],
			"faces": {
				"north": {"uv": [9, 1, 15, 3], "texture": "#redwood_fence"},
				"south": {"uv": [9, 1, 15, 3], "texture": "#redwood_fence"},
				"up": {"uv": [7, 1, 8, 7], "rotation": 90, "texture": "#redwood_fence_top"},
				"down": {"uv": [7, 9, 8, 15], "rotation": 90, "texture": "#redwood_fence_top"}
			}
		},
		{
			"from": [0, 0, 7],
			"to": [1, 16, 9],
			"faces": {
				"north": {"uv": [15, 0, 16, 16], "texture": "#redwood_fence"},
				"east": {"uv": [7, 0, 9, 16], "texture": "#redwood_fence"},
				"south": {"uv": [0, 0, 1, 16], "texture": "#redwood_fence"},
				"west": {"uv": [7, 0, 9, 16], "texture": "#redwood_fence"},
				"up": {"uv": [9, 7, 7, 8], "rotation": 90, "texture": "#redwood_fence_top"},
				"down": {"uv": [7, 8, 9, 9], "rotation": 90, "texture": "#redwood_fence_top"}
			}
		}
	],
	"display": {
		"thirdperson_righthand": {
			"rotation": [75, 315, 0],
			"translation": [0, 2.5, 0],
			"scale": [0.375, 0.375, 0.375]
		},
		"firstperson_righthand": {
			"rotation": [0, 315, 0],
			"translation": [0, 2.5, 0],
			"scale": [0.4, 0.4, 0.4]
		},
		"ground": {
			"translation": [0, 3, 0],
			"scale": [0.25, 0.25, 0.25]
		},
		"gui": {
			"rotation": [30, 45, 0],
			"scale": [0.625, 0.625, 0.625]
		},
		"head": {
			"rotation": [0, 180, 0]
		},
		"fixed": {
			"rotation": [0, 180, 0]
		}
	}
}