{
	"credit": "Made with Blockbench",
	"textures": {
		"redwood_fence_top": "biomesoplenty:block/redwood_fence_top",
		"particle": "biomesoplenty:block/redwood_fence",
		"redwood_fence": "biomesoplenty:block/redwood_fence"
	},
	"elements": [
		{
			"from": [14.5, 1, 15],
			"to": [16.5, 15, 16],
			"faces": {
				"north": {"uv": [9, 1, 7, 15], "texture": "#redwood_fence"},
				"east": {"uv": [8, 1, 7, 15], "texture": "#redwood_fence"},
				"south": {"uv": [9, 1, 7, 15], "texture": "#redwood_fence"},
				"west": {"uv": [8, 1, 7, 15], "texture": "#redwood_fence"},
				"up": {"uv": [7, 8, 9, 7], "rotation": 180, "texture": "#redwood_fence_top", "cullface": "up"},
				"down": {"uv": [7, 8, 9, 7], "texture": "#redwood_fence_top", "cullface": "down"}
			}
		},
		{
			"from": [15, 13, 9],
			"to": [16, 15, 15],
			"faces": {
				"east": {"uv": [15, 1, 9, 3], "texture": "#redwood_fence"},
				"west": {"uv": [15, 1, 9, 3], "texture": "#redwood_fence"},
				"up": {"uv": [7, 7, 8, 1], "rotation": 180, "texture": "#redwood_fence_top"},
				"down": {"uv": [7, 15, 8, 9], "texture": "#redwood_fence_top"}
			}
		},
		{
			"from": [15, 3, 9],
			"to": [16, 13, 15],
			"faces": {
				"east": {"uv": [7, 3, 1, 13], "texture": "#redwood_fence"},
				"west": {"uv": [15, 3, 9, 13], "texture": "#redwood_fence"},
				"down": {"uv": [8, 11, 9, 5], "texture": "#redwood_fence_top"}
			}
		},
		{
			"from": [0, 0, 7],
			"to": [1, 16, 9],
			"faces": {
				"north": {"uv": [16, 0, 15, 16], "texture": "#redwood_fence"},
				"east": {"uv": [9, 0, 7, 16], "texture": "#redwood_fence"},
				"south": {"uv": [1, 0, 0, 16], "texture": "#redwood_fence"},
				"west": {"uv": [9, 0, 7, 16], "texture": "#redwood_fence"},
				"up": {"uv": [7, 7, 9, 8], "rotation": 90, "texture": "#redwood_fence_top"},
				"down": {"uv": [9, 8, 7, 9], "rotation": 90, "texture": "#redwood_fence_top"}
			}
		},
		{
			"from": [15, 1, 9],
			"to": [16, 3, 15],
			"faces": {
				"east": {"uv": [15, 1, 9, 3], "texture": "#redwood_fence"},
				"west": {"uv": [15, 1, 9, 3], "texture": "#redwood_fence"},
				"up": {"uv": [7, 7, 8, 1], "rotation": 180, "texture": "#redwood_fence_top"},
				"down": {"uv": [7, 15, 8, 9], "texture": "#redwood_fence_top"}
			}
		},
		{
			"from": [0, 3, 9],
			"to": [1, 13, 15],
			"faces": {
				"east": {"uv": [15, 3, 9, 13], "texture": "#redwood_fence"},
				"west": {"uv": [7, 3, 1, 13], "texture": "#redwood_fence"},
				"down": {"uv": [8, 11, 9, 5], "texture": "#redwood_fence_top"}
			}
		},
		{
			"from": [0, 1, 9],
			"to": [1, 3, 15],
			"faces": {
				"east": {"uv": [7, 1, 1, 3], "texture": "#redwood_fence"},
				"west": {"uv": [7, 1, 1, 3], "texture": "#redwood_fence"},
				"up": {"uv": [7, 7, 8, 1], "rotation": 180, "texture": "#redwood_fence_top"},
				"down": {"uv": [7, 15, 8, 9], "texture": "#redwood_fence_top"}
			}
		},
		{
			"from": [0, 13, 9],
			"to": [1, 15, 15],
			"faces": {
				"east": {"uv": [15, 1, 9, 3], "texture": "#redwood_fence"},
				"west": {"uv": [15, 1, 9, 3], "texture": "#redwood_fence"},
				"up": {"uv": [7, 7, 8, 1], "rotation": 180, "texture": "#redwood_fence_top"},
				"down": {"uv": [7, 15, 8, 9], "texture": "#redwood_fence_top"}
			}
		},
		{
			"from": [15, 0, 7],
			"to": [16, 16, 9],
			"faces": {
				"north": {"uv": [1, 0, 0, 16], "texture": "#redwood_fence"},
				"east": {"uv": [9, 0, 7, 16], "texture": "#redwood_fence"},
				"south": {"uv": [16, 0, 15, 16], "texture": "#redwood_fence"},
				"west": {"uv": [9, 0, 7, 16], "texture": "#redwood_fence"},
				"up": {"uv": [7, 7, 9, 8], "rotation": 90, "texture": "#redwood_fence_top"},
				"down": {"uv": [9, 8, 7, 9], "rotation": 90, "texture": "#redwood_fence_top"}
			}
		},
		{
			"from": [-0.5, 1, 15],
			"to": [1.5, 15, 16],
			"faces": {
				"north": {"uv": [9, 1, 7, 15], "texture": "#redwood_fence"},
				"east": {"uv": [16, 1, 15, 15], "texture": "#redwood_fence"},
				"south": {"uv": [9, 1, 7, 15], "texture": "#redwood_fence"},
				"west": {"uv": [1, 1, 0, 15], "texture": "#redwood_fence"},
				"up": {"uv": [9, 8, 7, 7], "rotation": 180, "texture": "#redwood_fence_top"},
				"down": {"uv": [7, 9, 9, 8], "texture": "#redwood_fence_top"}
			}
		}
	],
	"display": {
		"thirdperson_righthand": {
			"rotation": [75, 315, 0],
			"translation": [0, 2.5, 0],
			"scale": [0.375, 0.375, 0.375]
		},
		"firstperson_righthand": {
			"rotation": [0, 315, 0],
			"translation": [0, 2.5, 0],
			"scale": [0.4, 0.4, 0.4]
		},
		"ground": {
			"translation": [0, 3, 0],
			"scale": [0.25, 0.25, 0.25]
		},
		"gui": {
			"rotation": [30, 45, 0],
			"scale": [0.625, 0.625, 0.625]
		},
		"head": {
			"rotation": [0, 180, 0]
		},
		"fixed": {
			"rotation": [0, 180, 0]
		}
	}
}