{
    "__comment": "Model generated using MrCrayfish's Model Creator (https://mrcrayfish.com/tools?id=mc)",
    "textures": {
        "particle": "biomesoplenty:block/redwood_fence",
        "redwood_fence_top": "biomesoplenty:block/redwood_fence_top",
        "redwood_fence": "biomesoplenty:block/redwood_fence"
    },
    "display": {
        "gui": {
            "rotation": [ 30, 45, 0 ],
            "translation": [ 0, 0, 0 ],
            "scale": [ 0.625, 0.625, 0.625 ]
        },
        "ground": {
            "rotation": [ 0, 0, 0 ],
            "translation": [ 0, 3, 0 ],
            "scale": [ 0.25, 0.25, 0.25 ]
        },
        "fixed": {
            "rotation": [ 0, 180, 0 ],
            "translation": [ 0, 0, 0 ],
            "scale": [ 1, 1, 1 ]
        },
        "firstperson_righthand": {
            "rotation": [ 0, 315, 0 ],
            "translation": [ 0, 2.5, 0 ],
            "scale": [ 0.4, 0.4, 0.4 ]
        },
        "thirdperson_righthand": {
            "rotation": [ 75, 315, 0 ],
            "translation": [ 0, 2.5, 0 ],
            "scale": [ 0.375, 0.375, 0.375 ]
        }
    },
    "elements": [
        {
            "from": [ 9, 1, 7.5 ], 
            "to": [ 15, 15, 8.5 ], 
            "faces": {
                "north": { "texture": "#redwood_fence", "uv": [ 1, 1, 7, 15 ] },
                "south": { "texture": "#redwood_fence", "uv": [ 9, 1, 15, 15 ] },
                "up": { "texture": "#redwood_fence_top", "uv": [ 7, 0, 8, 6 ], "rotation": 90 },
                "down": { "texture": "#redwood_fence_top", "uv": [ 8, 5, 9, 11 ], "rotation": 90 }
            }
        },
        {
            "from": [ 1, 1, 7.5 ], 
            "to": [ 7, 15, 8.5 ], 
            "faces": {
                "north": { "texture": "#redwood_fence", "uv": [ 1, 1, 7, 15 ] },
                "south": { "texture": "#redwood_fence", "uv": [ 9, 1, 15, 15 ] },
                "up": { "texture": "#redwood_fence_top", "uv": [ 7, 0, 8, 6 ], "rotation": 90 },
                "down": { "texture": "#redwood_fence_top", "uv": [ 8, 5, 9, 11 ], "rotation": 90 }
            }
        },
        {
            "from": [ 15, 0, 7 ], 
            "to": [ 16, 16, 9 ], 
            "faces": {
                "north": { "texture": "#redwood_fence", "uv": [ 0, 0, 1, 16 ] },
                "south": { "texture": "#redwood_fence", "uv": [ 15, 0, 16, 16 ] },
                "west": { "texture": "#redwood_fence", "uv": [ 7, 0, 9, 16 ] },
                "up": { "texture": "#redwood_fence_top", "uv": [ 7, 7, 9, 8 ], "rotation": 90 },
                "down": { "texture": "#redwood_fence_top", "uv": [ 7, 8, 9, 9 ], "rotation": 90 }
            }
        },
        {
            "from": [ 16, 0, 7 ], 
            "to": [ 17, 16, 9 ], 
            "faces": {
                "north": { "texture": "#redwood_fence", "uv": [ 15, 0, 16, 16 ] },
                "east": { "texture": "#redwood_fence", "uv": [ 7, 0, 9, 16 ] },
                "south": { "texture": "#redwood_fence", "uv": [ 0, 0, 1, 16 ] },
                "up": { "texture": "#redwood_fence_top", "uv": [ 7, 7, 9, 8 ], "rotation": 270 },
                "down": { "texture": "#redwood_fence_top", "uv": [ 7, 8, 9, 9 ], "rotation": 270 }
            }
        },
        {
            "from": [ 7, 0, 7 ], 
            "to": [ 9, 16, 9 ], 
            "faces": {
                "north": { "texture": "#redwood_fence", "uv": [ 7, 0, 9, 16 ] },
                "east": { "texture": "#redwood_fence", "uv": [ 7, 0, 9, 16 ] },
                "south": { "texture": "#redwood_fence", "uv": [ 7, 0, 9, 16 ] },
                "west": { "texture": "#redwood_fence", "uv": [ 7, 0, 9, 16 ] },
                "up": { "texture": "#redwood_fence", "uv": [ 7, 0, 9, 2 ], "rotation": 90, "cullface": "up" },
                "down": { "texture": "#redwood_fence", "uv": [ 7, 0, 9, 2 ], "rotation": 90, "cullface": "down" }
            }
        },
        {
            "from": [ -1, 0, 7 ], 
            "to": [ 1, 16, 9 ], 
            "faces": {
                "north": { "texture": "#redwood_fence", "uv": [ 7, 0, 9, 16 ] },
                "east": { "texture": "#redwood_fence", "uv": [ 7, 0, 9, 16 ] },
                "south": { "texture": "#redwood_fence", "uv": [ 7, 0, 9, 16 ] },
                "west": { "texture": "#redwood_fence", "uv": [ 7, 0, 9, 16 ] },
                "up": { "texture": "#redwood_fence", "uv": [ 7, 0, 9, 2 ], "rotation": 90, "cullface": "up" },
                "down": { "texture": "#redwood_fence", "uv": [ 7, 0, 9, 2 ], "rotation": 90, "cullface": "down" }
            }
        }
    ]
}