{
    "textures": {
        "middle": "biomesoplenty:block/violet_middle",
        "lower": "biomesoplenty:block/violet_lower",
        "upper": "biomesoplenty:block/violet_upper",
		"particle": "biomesoplenty:block/violet"
    },
    "display": {
        "gui": {
            "rotation": [ 30, 45, 0 ],
            "translation": [ 0, 0, 0 ],
            "scale": [ 0.625, 0.625, 0.625 ]
        },
        "ground": {
            "rotation": [ 0, 0, 0 ],
            "translation": [ 0, 3, 0 ],
            "scale": [ 0.25, 0.25, 0.25 ]
        },
        "fixed": {
            "rotation": [ 0, 180, 0 ],
            "translation": [ 0, 0, 0 ],
            "scale": [ 1, 1, 1 ]
        },
        "head": {
            "rotation": [ 0, 180, 0 ],
            "translation": [ 0, 0, 0 ],
            "scale": [ 1, 1, 1 ]
        },
        "firstperson_righthand": {
            "rotation": [ 0, 315, 0 ],
            "translation": [ 0, 2.5, 0 ],
            "scale": [ 0.4, 0.4, 0.4 ]
        },
        "thirdperson_righthand": {
            "rotation": [ 75, 315, 0 ],
            "translation": [ 0, 2.5, 0 ],
            "scale": [ 0.375, 0.375, 0.375 ]
        }
    },
    "elements": [
        {
            "name": "Cube",
            "from": [ 0, 2.25, 0 ], 
            "to": [ 16, 2.25, 16 ], 
            "shade": false,
            "faces": {
                "up": { "texture": "#lower", "uv": [ 0, 0, 16, 16 ] }
            }
        },
        {
            "name": "Cube",
            "from": [ 0, 2.5, 0 ], 
            "to": [ 16, 2.5, 16 ], 
            "shade": false,
            "faces": {
                "up": { "texture": "#middle", "uv": [ 0, 0, 16, 16 ] }
            }
        },
        {
            "name": "Cube",
            "from": [ 0, 2.75, 0 ], 
            "to": [ 16, 2.75, 16 ], 
            "shade": false,
            "faces": {
                "up": { "texture": "#upper", "uv": [ 0, 0, 16, 16 ] }
            }
        }
    ]
}